sampletype,endmembertype,headwallcat,slumpsite,streamlocation,PERIstreamloc,lat_dd,long_dd,samplingdate,samplingtime,timenotes,headwallsamplingnotes,headwallcollector,headwallapproxdepth_m,MaxHeadwallHeight_m,SlumpArea_ha,DebrisTongue_m,GLdist_m,maxelev_m,maxslope_perc,avg_downstream_streampower,Discharge_m3s,StreamVelocity_avg_ms,StreamVelocity_stdev_ms,StreamVelocity_count_ms,WatershedArea_km2,YSITemp_degC,YSI_Atm,YSI_DOpcnt,YSI_DOmgL,YSI_Cond,YSI_pH,RainTot96h_mm,AirTavg96h_degC,NetTotRad24h_Wm2,PCmgL,POCmgL,DOCmgL,PNmgL,TDNugL,DINugL,DONmgL,NH3ugL,NO2NO3ugL,NO2NO3ugLMDL,TPPugL,POPugL,TDPugL,TDPugLMDL,SRPugL,DOPugL,DOPugL.loq,percPOC,percPOC.imp,percPC,percPN,percPOP,percTPP,POCTSS,PNPCTSS,TPPTSS,POPTSS,TSSavg,TSSsd,TSScv,TSScount,PO13C,PO13C.imp,POCtoPOP,POCtoPOP.imp,POCtoPN,POCtoPN.imp,P15N,DOCtoDON,DOCtoDOP,DOCtoDOP.loq,F14C_A,F14C_DIC,F14C_POC,F14Cerror_A,F14Cerror_DIC,F14Cerror_POC,SR,a254naperian,a350naperian,atot250450,atot250450TSSstd,HIX,pkAB,pkCB,pkTC,prcntC1,prcntC2,prcntC3,prcntC4,prcntC5,Fmax1,Fmax2,Fmax3,Fmax4,Fmax5,Fmax,Ftot,A,B,C,T,M,D,N,E
Endmember,Headwall,HOL,FM2,NA,NA,NA,NA,2017-07-12,NA,NA,Sample depth: 0.65-0.70 m,Scott Zolkos,0.7,NA,NA,NA,NA,NA,NA,NA,NA,NA,NA,NA,NA,NA,NA,NA,NA,NA,NA,NA,NA,NA,NA,NA,NA,NA,NA,NA,NA,NA,NA,NA,NA,NA,NA,NA,NA,NA,NA,NA,NA,NA,NA,NA,NA,NA,NA,NA,NA,NA,NA,NA,NA,-26.81589522,NA,108.6702402,NA,4.860106751,NA,2.042114643,NA,NA,NA,0.4912,NA,NA,0.0022,NA,NA,NA,NA,NA,NA,NA,NA,NA,NA,NA,NA,NA,NA,NA,NA,NA,NA,NA,NA,NA,NA,NA,NA,NA,NA,NA,NA,NA,NA,NA
Endmember,Headwall,HOL,FM3,NA,NA,NA,NA,2017-07-13,NA,NA,Sample depth: 1.6-1.7 m,Scott Zolkos,1.65,NA,NA,NA,NA,NA,NA,NA,NA,NA,NA,NA,NA,NA,NA,NA,NA,NA,NA,NA,NA,NA,NA,NA,NA,NA,NA,NA,NA,NA,NA,NA,NA,NA,NA,NA,NA,NA,NA,NA,NA,NA,NA,NA,NA,NA,NA,NA,NA,NA,NA,NA,NA,-26.8297521,NA,160.7491092,NA,12.45892906,NA,2.138165974,NA,NA,NA,0.0066,NA,NA,0.0003,NA,NA,NA,NA,NA,NA,NA,NA,NA,NA,NA,NA,NA,NA,NA,NA,NA,NA,NA,NA,NA,NA,NA,NA,NA,NA,NA,NA,NA,NA,NA
Endmember,Headwall,HOL,SD,NA,NA,NA,NA,2017-07-13,NA,NA,"Sample depth: 0.80-0.94 m; massive ice layer ~0.20 m thick on top of Holocene layer (so, no representative active layer at this part of lobe), but not in contact with or affecting sample",Scott Zolkos,0.87,NA,NA,NA,NA,NA,NA,NA,NA,NA,NA,NA,NA,NA,NA,NA,NA,NA,NA,NA,NA,NA,NA,NA,NA,NA,NA,NA,NA,NA,NA,NA,NA,NA,NA,NA,NA,NA,NA,NA,NA,NA,NA,NA,NA,NA,NA,NA,NA,NA,NA,NA,NA,-26.70750551,NA,137.222071,NA,6.209395057,NA,0.808884008,NA,NA,NA,NA,NA,NA,NA,NA,NA,NA,NA,NA,NA,NA,NA,NA,NA,NA,NA,NA,NA,NA,NA,NA,NA,NA,NA,NA,NA,NA,NA,NA,NA,NA,NA,NA,NA,NA
Endmember,Headwall,HOL,SE,NA,NA,NA,NA,2017-07-14,NA,NA,-,Scott Zolkos,NA,NA,NA,NA,NA,NA,NA,NA,NA,NA,NA,NA,NA,NA,NA,NA,NA,NA,NA,NA,NA,NA,NA,NA,NA,NA,NA,NA,NA,NA,NA,NA,NA,NA,NA,NA,NA,NA,NA,NA,NA,NA,NA,NA,NA,NA,NA,NA,NA,NA,NA,NA,NA,-26.61251415,NA,232.2650595,NA,13.37655691,NA,1.307802158,NA,NA,NA,NA,NA,NA,NA,NA,NA,NA,NA,NA,NA,NA,NA,NA,NA,NA,NA,NA,NA,NA,NA,NA,NA,NA,NA,NA,NA,NA,NA,NA,NA,NA,NA,NA,NA,NA
Endmember,Headwall,HOL,SF,NA,NA,NA,NA,2017-08-03,NA,NA,Sample depth: 0.35 - 0.38 m,Sarah Shakil,0.37,NA,NA,NA,NA,NA,NA,NA,NA,NA,NA,NA,NA,NA,NA,NA,NA,NA,NA,NA,NA,NA,NA,NA,NA,NA,NA,NA,NA,NA,NA,NA,NA,NA,NA,NA,NA,NA,NA,NA,NA,NA,NA,NA,NA,NA,NA,NA,NA,NA,NA,NA,NA,-26.92139318,NA,137.1059839,NA,2.758323372,NA,2.1951998,NA,NA,NA,NA,NA,NA,NA,NA,NA,NA,NA,NA,NA,NA,NA,NA,NA,NA,NA,NA,NA,NA,NA,NA,NA,NA,NA,NA,NA,NA,NA,NA,NA,NA,NA,NA,NA,NA
Endmember,Headwall,LAL,FM3,NA,NA,NA,NA,2017-07-13,NA,NA,"Sample depth: composited from 0.39-0.53 m, as A and B horizons difficult to differentiate",Scott Zolkos,0.46,NA,NA,NA,NA,NA,NA,NA,NA,NA,NA,NA,NA,NA,NA,NA,NA,NA,NA,NA,NA,NA,NA,NA,NA,NA,NA,NA,NA,NA,NA,NA,NA,NA,NA,NA,NA,NA,NA,NA,NA,NA,NA,NA,NA,NA,NA,NA,NA,NA,NA,NA,NA,-26.21648342,NA,173.3773156,NA,13.45509316,NA,3.503577298,NA,NA,NA,0.6031,NA,NA,0.0028,NA,NA,NA,NA,NA,NA,NA,NA,NA,NA,NA,NA,NA,NA,NA,NA,NA,NA,NA,NA,NA,NA,NA,NA,NA,NA,NA,NA,NA,NA,NA
Endmember,Headwall,LAL,FM3,NA,NA,NA,NA,2017-08-08,NA,NA,"Sample depth: ~0.50 depth; (67.25592N, -135.27203W, elev=396 m)",Sarah Shakil,0.5,NA,NA,NA,NA,NA,NA,NA,NA,NA,NA,NA,NA,NA,NA,NA,NA,NA,NA,NA,NA,NA,NA,NA,NA,NA,NA,NA,NA,NA,NA,NA,NA,NA,NA,NA,NA,NA,NA,NA,NA,NA,NA,NA,NA,NA,NA,NA,NA,NA,NA,NA,NA,-26.57363291,NA,160.990205,NA,11.51787651,NA,1.655838547,NA,NA,NA,NA,NA,NA,NA,NA,NA,NA,NA,NA,NA,NA,NA,NA,NA,NA,NA,NA,NA,NA,NA,NA,NA,NA,NA,NA,NA,NA,NA,NA,NA,NA,NA,NA,NA,NA
Endmember,Headwall,LAL,SD,NA,NA,NA,NA,2017-07-13,NA,NA,"Sample depth: A and B composited from two depths, composited from 0.17-0.22 and 0.28-0.35 m",Scott Zolkos,0.27,NA,NA,NA,NA,NA,NA,NA,NA,NA,NA,NA,NA,NA,NA,NA,NA,NA,NA,NA,NA,NA,NA,NA,NA,NA,NA,NA,NA,NA,NA,NA,NA,NA,NA,NA,NA,NA,NA,NA,NA,NA,NA,NA,NA,NA,NA,NA,NA,NA,NA,NA,NA,-26.7278605,NA,203.2371247,NA,11.53126373,NA,1.604802264,NA,NA,NA,NA,NA,NA,NA,NA,NA,NA,NA,NA,NA,NA,NA,NA,NA,NA,NA,NA,NA,NA,NA,NA,NA,NA,NA,NA,NA,NA,NA,NA,NA,NA,NA,NA,NA,NA
Endmember,Headwall,LAL,SF,NA,NA,NA,NA,2017-08-03,NA,NA,Sample depth: 0.10 - 0.20 m,Sarah Shakil,0.15,NA,NA,NA,NA,NA,NA,NA,NA,NA,NA,NA,NA,NA,NA,NA,NA,NA,NA,NA,NA,NA,NA,NA,NA,NA,NA,NA,NA,NA,NA,NA,NA,NA,NA,NA,NA,NA,NA,NA,NA,NA,NA,NA,NA,NA,NA,NA,NA,NA,NA,NA,NA,-26.06205964,NA,292.7102247,NA,10.51889295,NA,3.069353357,NA,NA,NA,NA,NA,NA,NA,NA,NA,NA,NA,NA,NA,NA,NA,NA,NA,NA,NA,NA,NA,NA,NA,NA,NA,NA,NA,NA,NA,NA,NA,NA,NA,NA,NA,NA,NA,NA
Endmember,Headwall,LAL,SF,NA,NA,NA,NA,2017-08-03,NA,NA,Sample depth: 0.24- 0.28 m,Sarah Shakil,0.26,NA,NA,NA,NA,NA,NA,NA,NA,NA,NA,NA,NA,NA,NA,NA,NA,NA,NA,NA,NA,NA,NA,NA,NA,NA,NA,NA,NA,NA,NA,NA,NA,NA,NA,NA,NA,NA,NA,NA,NA,NA,NA,NA,NA,NA,NA,NA,NA,NA,NA,NA,NA,-26.91042024,NA,387.8514548,NA,17.0556899,NA,1.156725823,NA,NA,NA,NA,NA,NA,NA,NA,NA,NA,NA,NA,NA,NA,NA,NA,NA,NA,NA,NA,NA,NA,NA,NA,NA,NA,NA,NA,NA,NA,NA,NA,NA,NA,NA,NA,NA,NA
Endmember,Headwall,LAL,SG,NA,SG,NA,NA,2017-08-08,NA,NA,Sample depth: 0.26 -0.45 m,Sarah Shakil,0.36,NA,NA,NA,NA,NA,NA,NA,NA,NA,NA,NA,NA,NA,NA,NA,NA,NA,NA,NA,NA,NA,NA,NA,NA,NA,NA,NA,NA,NA,NA,NA,NA,NA,NA,NA,NA,NA,NA,NA,NA,NA,NA,NA,NA,NA,NA,NA,NA,NA,NA,NA,NA,-26.50522078,NA,424.4108029,NA,17.43873433,NA,2.482523463,NA,NA,NA,NA,NA,NA,NA,NA,NA,NA,NA,NA,NA,NA,NA,NA,NA,NA,NA,NA,NA,NA,NA,NA,NA,NA,NA,NA,NA,NA,NA,NA,NA,NA,NA,NA,NA,NA
Endmember,Headwall,LAL,SG,NA,SG,NA,NA,2017-08-08,NA,NA,Sample depth: 0.55- 0.75 m,Sarah Shakil,0.65,NA,NA,NA,NA,NA,NA,NA,NA,NA,NA,NA,NA,NA,NA,NA,NA,NA,NA,NA,NA,NA,NA,NA,NA,NA,NA,NA,NA,NA,NA,NA,NA,NA,NA,NA,NA,NA,NA,NA,NA,NA,NA,NA,NA,NA,NA,NA,NA,NA,NA,NA,NA,-26.31559151,NA,121.2615204,NA,9.976751019,NA,2.253944734,NA,NA,NA,NA,NA,NA,NA,NA,NA,NA,NA,NA,NA,NA,NA,NA,NA,NA,NA,NA,NA,NA,NA,NA,NA,NA,NA,NA,NA,NA,NA,NA,NA,NA,NA,NA,NA,NA
Endmember,Headwall,PLE,FM2,NA,NA,NA,NA,2017-07-12,NA,NA,Sample depth: 5.8 m,Scott Zolkos,5.8,NA,NA,NA,NA,NA,NA,NA,NA,NA,NA,NA,NA,NA,NA,NA,NA,NA,NA,NA,NA,NA,NA,NA,NA,NA,NA,NA,NA,NA,NA,NA,NA,NA,NA,NA,NA,NA,NA,NA,NA,NA,NA,NA,NA,NA,NA,NA,NA,NA,NA,NA,NA,-26.57233975,NA,136.1656727,NA,8.312043677,NA,2.219778463,NA,NA,NA,0.0038,NA,NA,0.0003,NA,NA,NA,NA,NA,NA,NA,NA,NA,NA,NA,NA,NA,NA,NA,NA,NA,NA,NA,NA,NA,NA,NA,NA,NA,NA,NA,NA,NA,NA,NA
Endmember,Headwall,PLE,FM3,NA,NA,NA,NA,2017-07-13,NA,NA,Sample depth: 4.5 m,Scott Zolkos,4.5,NA,NA,NA,NA,NA,NA,NA,NA,NA,NA,NA,NA,NA,NA,NA,NA,NA,NA,NA,NA,NA,NA,NA,NA,NA,NA,NA,NA,NA,NA,NA,NA,NA,NA,NA,NA,NA,NA,NA,NA,NA,NA,NA,NA,NA,NA,NA,NA,NA,NA,NA,NA,-26.83167724,NA,312.7360292,NA,13.37533111,NA,2.115387579,NA,NA,NA,0.0026,NA,NA,0.0002,NA,NA,NA,NA,NA,NA,NA,NA,NA,NA,NA,NA,NA,NA,NA,NA,NA,NA,NA,NA,NA,NA,NA,NA,NA,NA,NA,NA,NA,NA,NA
Endmember,Headwall,PLE,FM3,NA,NA,NA,NA,2017-08-08,NA,NA,"Sample depth: 2.4 - 2.50 and 2.84 - 2.94 m depth (67.25599N, -135.27187W and 67.25600N, -135.27213W, elev=394m)",Sarah Shakil,2.7,NA,NA,NA,NA,NA,NA,NA,NA,NA,NA,NA,NA,NA,NA,NA,NA,NA,NA,NA,NA,NA,NA,NA,NA,NA,NA,NA,NA,NA,NA,NA,NA,NA,NA,NA,NA,NA,NA,NA,NA,NA,NA,NA,NA,NA,NA,NA,NA,NA,NA,NA,NA,-26.69445173,NA,173.157644,NA,11.63546367,NA,2.289052808,NA,NA,NA,NA,NA,NA,NA,NA,NA,NA,NA,NA,NA,NA,NA,NA,NA,NA,NA,NA,NA,NA,NA,NA,NA,NA,NA,NA,NA,NA,NA,NA,NA,NA,NA,NA,NA,NA
Endmember,Headwall,PLE,SF,NA,NA,NA,NA,2017-08-03,NA,NA,Sample depth: 0.50 - 0.70 m,Sarah Shakil,0.6,NA,NA,NA,NA,NA,NA,NA,NA,NA,NA,NA,NA,NA,NA,NA,NA,NA,NA,NA,NA,NA,NA,NA,NA,NA,NA,NA,NA,NA,NA,NA,NA,NA,NA,NA,NA,NA,NA,NA,NA,NA,NA,NA,NA,NA,NA,NA,NA,NA,NA,NA,NA,-27.00837529,NA,134.3055013,NA,11.98190269,NA,1.800292392,NA,NA,NA,NA,NA,NA,NA,NA,NA,NA,NA,NA,NA,NA,NA,NA,NA,NA,NA,NA,NA,NA,NA,NA,NA,NA,NA,NA,NA,NA,NA,NA,NA,NA,NA,NA,NA,NA
Endmember,Headwall,PLE,SG,NA,SG,NA,NA,2017-08-08,NA,NA,Sample depth: 0.5 - 1.25 m,Sarah Shakil,0.88,NA,NA,NA,NA,NA,NA,NA,NA,NA,NA,NA,NA,NA,NA,NA,NA,NA,NA,NA,NA,NA,NA,NA,NA,NA,NA,NA,NA,NA,NA,NA,NA,NA,NA,NA,NA,NA,NA,NA,NA,NA,NA,NA,NA,NA,NA,NA,NA,NA,NA,NA,NA,-26.74403419,NA,79.83989668,NA,10.20607949,NA,2.092482342,NA,NA,NA,NA,NA,NA,NA,NA,NA,NA,NA,NA,NA,NA,NA,NA,NA,NA,NA,NA,NA,NA,NA,NA,NA,NA,NA,NA,NA,NA,NA,NA,NA,NA,NA,NA,NA,NA
Endmember,Headwall,UAL,FM2,NA,NA,NA,NA,2017-07-12,NA,NA,"Sample depth: ~0.05 m; organic layer of active layer;active layer mainly organic, B-horizon from headwall",Scott Zolkos,0.05,NA,NA,NA,NA,NA,NA,NA,NA,NA,NA,NA,NA,NA,NA,NA,NA,NA,NA,NA,NA,NA,NA,NA,NA,NA,NA,NA,NA,NA,NA,NA,NA,NA,NA,NA,NA,NA,NA,NA,NA,NA,NA,NA,NA,NA,NA,NA,NA,NA,NA,NA,NA,-26.77966125,NA,2709.983147,NA,9.311055774,NA,0.274687785,NA,NA,NA,0.9868,NA,NA,0.0045,NA,NA,NA,NA,NA,NA,NA,NA,NA,NA,NA,NA,NA,NA,NA,NA,NA,NA,NA,NA,NA,NA,NA,NA,NA,NA,NA,NA,NA,NA,NA
Endmember,Headwall,UAL,SD,NA,NA,NA,NA,2017-07-13,NA,NA,Sample depth: O-horizon ~0-0.07 m,Scott Zolkos,0.07,NA,NA,NA,NA,NA,NA,NA,NA,NA,NA,NA,NA,NA,NA,NA,NA,NA,NA,NA,NA,NA,NA,NA,NA,NA,NA,NA,NA,NA,NA,NA,NA,NA,NA,NA,NA,NA,NA,NA,NA,NA,NA,NA,NA,NA,NA,NA,NA,NA,NA,NA,NA,-26.68532498,NA,2943.507959,NA,28.50961886,NA,0.974286167,NA,NA,NA,NA,NA,NA,NA,NA,NA,NA,NA,NA,NA,NA,NA,NA,NA,NA,NA,NA,NA,NA,NA,NA,NA,NA,NA,NA,NA,NA,NA,NA,NA,NA,NA,NA,NA,NA
Endmember,Periphyton,NA,NA,NA,13,NA,NA,2017-07-13,NA,NA,NA,NA,NA,NA,NA,NA,NA,NA,NA,NA,NA,NA,NA,NA,NA,NA,NA,NA,NA,NA,NA,NA,NA,NA,NA,NA,NA,NA,NA,NA,NA,NA,NA,NA,NA,NA,NA,NA,NA,NA,NA,NA,NA,NA,NA,NA,NA,NA,NA,NA,NA,NA,NA,NA,NA,-30.02426045,NA,NA,NA,NA,NA,NA,NA,NA,NA,NA,NA,NA,NA,NA,NA,NA,NA,NA,NA,NA,NA,NA,NA,NA,NA,NA,NA,NA,NA,NA,NA,NA,NA,NA,NA,NA,NA,NA,NA,NA,NA,NA,NA,NA
Endmember,Periphyton,NA,NA,NA,29,NA,NA,2017-07-20,NA,NA,NA,NA,NA,NA,NA,NA,NA,NA,NA,NA,NA,NA,NA,NA,NA,NA,NA,NA,NA,NA,NA,NA,NA,NA,NA,NA,NA,NA,NA,NA,NA,NA,NA,NA,NA,NA,NA,NA,NA,NA,NA,NA,NA,NA,NA,NA,NA,NA,NA,NA,NA,NA,NA,NA,NA,-38.82892633,NA,NA,NA,NA,NA,NA,NA,NA,NA,NA,NA,NA,NA,NA,NA,NA,NA,NA,NA,NA,NA,NA,NA,NA,NA,NA,NA,NA,NA,NA,NA,NA,NA,NA,NA,NA,NA,NA,NA,NA,NA,NA,NA,NA
Endmember,Periphyton,NA,NA,NA,36,NA,NA,2017-07-20,NA,NA,NA,NA,NA,NA,NA,NA,NA,NA,NA,NA,NA,NA,NA,NA,NA,NA,NA,NA,NA,NA,NA,NA,NA,NA,NA,NA,NA,NA,NA,NA,NA,NA,NA,NA,NA,NA,NA,NA,NA,NA,NA,NA,NA,NA,NA,NA,NA,NA,NA,NA,NA,NA,NA,NA,NA,-34.53933903,NA,NA,NA,NA,NA,NA,NA,NA,NA,NA,NA,NA,NA,NA,NA,NA,NA,NA,NA,NA,NA,NA,NA,NA,NA,NA,NA,NA,NA,NA,NA,NA,NA,NA,NA,NA,NA,NA,NA,NA,NA,NA,NA,NA
Endmember,Periphyton,NA,NA,NA,40-alt1,NA,NA,2017-08-09,NA,NA,NA,NA,NA,NA,NA,NA,NA,NA,NA,NA,NA,NA,NA,NA,NA,NA,NA,NA,NA,NA,NA,NA,NA,NA,NA,NA,NA,NA,NA,NA,NA,NA,NA,NA,NA,NA,NA,NA,NA,NA,NA,NA,NA,NA,NA,NA,NA,NA,NA,NA,NA,NA,NA,NA,NA,-30.15221151,NA,NA,NA,NA,NA,NA,NA,NA,NA,NA,NA,NA,NA,NA,NA,NA,NA,NA,NA,NA,NA,NA,NA,NA,NA,NA,NA,NA,NA,NA,NA,NA,NA,NA,NA,NA,NA,NA,NA,NA,NA,NA,NA,NA
Stream,NA,DN,FM2,DN,NA,NA,NA,2015-07-12,NA,NA,NA,NA,NA,NA,NA,NA,NA,NA,NA,NA,0.01582,NA,NA,NA,NA,NA,NA,NA,NA,NA,NA,NA,NA,NA,NA,NA,NA,NA,NA,NA,NA,NA,NA,NA,NA,NA,NA,NA,NA,NA,NA,NA,NA,NA,NA,NA,NA,NA,NA,NA,NA,37970,NA,NA,1,NA,NA,NA,NA,NA,NA,NA,NA,NA,NA,NA,NA,NA,NA,NA,NA,NA,NA,NA,NA,NA,NA,NA,NA,NA,NA,NA,NA,NA,NA,NA,NA,NA,NA,NA,NA,NA,NA,NA,NA,NA,NA,NA,NA,NA
Stream,NA,DN,FM2,DN,NA,NA,NA,2015-08-03,NA,NA,NA,NA,NA,NA,NA,NA,NA,NA,NA,NA,0.2148,NA,NA,NA,NA,NA,NA,NA,NA,NA,NA,NA,NA,NA,NA,NA,NA,NA,NA,NA,NA,NA,NA,NA,NA,NA,NA,NA,NA,NA,NA,NA,NA,NA,NA,NA,NA,NA,NA,NA,NA,36870,NA,NA,1,NA,NA,NA,NA,NA,NA,NA,NA,NA,NA,NA,NA,NA,NA,NA,NA,NA,NA,NA,NA,NA,NA,NA,NA,NA,NA,NA,NA,NA,NA,NA,NA,NA,NA,NA,NA,NA,NA,NA,NA,NA,NA,NA,NA,NA
Stream,NA,DN,FM2,DN,NA,NA,NA,2016-07-12,NA,NA,NA,NA,NA,NA,NA,NA,NA,NA,NA,NA,NA,NA,NA,NA,NA,NA,NA,NA,NA,NA,NA,NA,NA,NA,NA,NA,NA,NA,NA,NA,NA,NA,NA,NA,NA,NA,NA,NA,NA,NA,NA,NA,NA,NA,NA,NA,NA,NA,NA,NA,NA,36010,NA,NA,NA,NA,NA,NA,NA,NA,NA,NA,NA,NA,NA,NA,NA,NA,NA,NA,NA,0.582553625,120.91404,39.35713331,10049.11162,0.279047251,0.895159297,5.737148706,3.24412373,0.289790581,0.464534038,0.166853119,0.146896091,0.126523333,0.095193419,23.26633327,8.356890915,7.357336886,6.336960896,4.7677923,30.74919122,44809.94728,27.96808379,4.874910033,15.81481132,4.582983364,16.99594168,6.943128285,9.100128054,3.708312631
Stream,NA,DN,FM2,DN,NA,67.25836333,-135.23058,2015-07-01,1899-12-31 14:53:00,NA,NA,NA,NA,25,31.7,1529,18917.94,373.49,66.73,17.13692698,0.1165,0.381604317,0.123951455,9,15.9546,13.5,0.9721,107.5,11.02,778,7.64,12.22222222,12.2727014,107.3350648,713.8999724,514.192501,11.33,62.75476287,633,250,0.383,193,57,NA,58574.73845,13804.57067,5,NA,7.179535575,-2.179535575,2.45,1.363905838,NA,1.801867674,0.158391628,0.039649317,0.124812995,37700,39620,46930,34816.66667,39770,5170,12.99449461,4,-26.56,NA,96.05687898,NA,9.555348987,NA,2.34,34.49837537,-13405.76448,11925.85331,NA,NA,NA,NA,NA,NA,NA,NA,NA,NA,NA,NA,NA,NA,NA,NA,NA,NA,NA,NA,NA,NA,NA,NA,NA,NA,NA,NA,NA,NA,NA,NA,NA,NA,NA
Stream,NA,DN,FM2,DN,NA,67.25836333,-135.23058,2015-07-23,1899-12-31 11:55:00,NA,NA,NA,NA,25,31.7,1529,18917.94,373.49,66.73,17.13692698,0.02211,0.331242439,0.135148321,4,15.9546,12.7,0.9887,NA,NA,1690,7.98,12.22222222,12.2727014,107.3350648,738.3433976,546.5871019,9.347,64.95297453,1010,617,0.393,504,113,NA,55225.53519,10290.08147,4,NA,5.978734866,-1.978734866,2.45,1.538815039,NA,1.770607668,0.155762529,0.024855269,0.137795137,35520,41700,40078,41400,39670,2860,7.203353551,4,-26.65,NA,136.9828518,NA,9.813588476,NA,1.27,27.7362153,-12181.76659,9838.56583,NA,NA,NA,NA,NA,NA,NA,NA,NA,NA,NA,NA,NA,NA,NA,NA,NA,NA,NA,NA,NA,NA,NA,NA,NA,NA,NA,NA,NA,NA,NA,NA,NA,NA,NA
Stream,NA,DN,FM2,DN,NA,67.25836333,-135.23058,2015-08-13,1899-12-31 12:48:00,NA,NA,NA,NA,25,31.7,1529,18917.94,373.49,66.73,17.13692698,0.1893,0.561061738,0.170757201,10,15.9546,7.5,0.9765,100.5,11.98,696.4,7.67,12.22222222,12.2727014,107.3350648,118.21,104.576,12.37,12.742,582,268,0.314,142,126,NA,10329.51061,4499.294499,5,NA,8.431115698,-3.431115698,2.45,1.654683544,NA,1.99006734,0.214511785,0.056809274,0.169670017,6320,5940,6088,7920,6567,915,13.94027146,4,-26.75,NA,59.93951755,NA,9.571101743,NA,1.71,45.94175263,-9297.366998,13020.5477,NA,NA,0.1229,NA,NA,0.0023,NA,NA,NA,NA,NA,NA,NA,NA,NA,NA,NA,NA,NA,NA,NA,NA,NA,NA,NA,NA,NA,NA,NA,NA,NA,NA,NA,NA,NA
Stream,NA,DN,FM3,DN,NA,NA,NA,2015-07-13,NA,NA,NA,NA,NA,NA,NA,NA,NA,NA,NA,NA,0.005506,NA,NA,NA,NA,NA,NA,NA,NA,NA,NA,NA,NA,NA,NA,NA,NA,NA,NA,NA,NA,NA,NA,NA,NA,NA,NA,NA,NA,NA,NA,NA,NA,NA,NA,NA,NA,NA,NA,NA,NA,13930,NA,NA,1,NA,NA,NA,NA,NA,NA,NA,NA,NA,NA,NA,NA,NA,NA,NA,NA,NA,NA,NA,NA,NA,NA,NA,NA,NA,NA,NA,NA,NA,NA,NA,NA,NA,NA,NA,NA,NA,NA,NA,NA,NA,NA,NA,NA,NA
Stream,NA,DN,FM3,DN,NA,NA,NA,2015-08-05,NA,NA,NA,NA,NA,NA,NA,NA,NA,NA,NA,NA,0.03802,NA,NA,NA,NA,NA,NA,NA,NA,NA,NA,NA,NA,NA,NA,NA,NA,NA,NA,NA,NA,NA,NA,NA,NA,NA,NA,NA,NA,NA,NA,NA,NA,NA,NA,NA,NA,NA,NA,NA,NA,7251,NA,NA,1,NA,NA,NA,NA,NA,NA,NA,NA,NA,NA,NA,NA,NA,NA,NA,NA,NA,NA,NA,NA,NA,NA,NA,NA,NA,NA,NA,NA,NA,NA,NA,NA,NA,NA,NA,NA,NA,NA,NA,NA,NA,NA,NA,NA,NA
Stream,NA,DN,FM3,DN,NA,NA,NA,2016-07-13,NA,NA,NA,NA,NA,NA,NA,NA,NA,NA,NA,NA,NA,NA,NA,NA,NA,NA,NA,NA,NA,NA,NA,NA,NA,NA,NA,NA,NA,NA,NA,NA,NA,NA,NA,NA,NA,NA,NA,NA,NA,NA,NA,NA,NA,NA,NA,NA,NA,NA,NA,NA,NA,15180,NA,NA,NA,NA,NA,NA,NA,NA,NA,NA,NA,NA,NA,NA,NA,NA,NA,NA,NA,0.643484115,126.7646842,43.90274418,10988.33656,0.72372631,0.92432854,8.803270197,4.868366246,0.202532581,0.406819375,0.212251296,0.188056954,0.13960097,0.053271405,21.98846536,11.47211896,10.16442205,7.54539062,2.879303505,32.41894798,51087.35906,30.72290563,3.489942367,16.99031762,3.441092879,17.85522632,8.46251144,8.494292161,5.176272551
Stream,NA,DN,FM3,DN,NA,67.25256,-135.2699367,2015-07-02,1899-12-31 10:30:00,NA,NA,NA,NA,10.3,6.1,576,17311.81,398.98,34.45,73.28339647,0.3005,0.656167495,0.170706095,5,3.745,5,0.9601,106.5,13.6,117.7,6.32,11.33333333,11.96032061,93.66028704,127.104,111.88,11.64,16.226,501,184,0.317,165,19,NA,11372.18709,4884.52665,50,NA,31.63749714,18.36250286,18.36250286,1.787220447,NA,1.863695015,0.237917889,0.067279981,0.145759896,6260,6820,7802,7260,7036,655,9.305181901,4,-26.84,NA,59.06845503,NA,8.040970958,NA,1.84,42.82143585,1634.732668,1634.732668,NA,NA,0.155,NA,NA,0.0034,NA,NA,NA,NA,NA,NA,NA,NA,NA,NA,NA,NA,NA,NA,NA,NA,NA,NA,NA,NA,NA,NA,NA,NA,NA,NA,NA,NA,NA
Stream,NA,DN,FM3,DN,NA,67.25256,-135.2699367,2015-07-24,1899-12-31 11:35:00,NA,NA,NA,NA,10.3,6.1,576,17311.81,398.98,34.45,73.28339647,0.02124,0.457719244,0.152530227,3,3.745,13.3,0.9914,NA,NA,520,7.51,11.33333333,11.96032061,93.66028704,169.084,147.578,13.78,14.664,1100,602,0.498,551,51,NA,12302.0198,5242.309827,17,NA,13.73188919,3.268110806,2.45,1.790995146,NA,1.943494253,0.168551724,0.059168282,0.14361452,8240,8700,8566,8860,8592,263,3.065292911,4,-26.77,NA,72.59798609,NA,11.73644792,NA,1.48,32.26913933,10873.71841,14504.70067,NA,NA,NA,NA,NA,NA,NA,NA,NA,NA,NA,NA,NA,NA,NA,NA,NA,NA,NA,NA,NA,NA,NA,NA,NA,NA,NA,NA,NA,NA,NA,NA,NA,NA,NA
Stream,NA,DN,FM3,DN,NA,67.25256,-135.2699367,2015-08-14,1899-12-31 12:13:00,NA,NA,NA,NA,10.3,6.1,576,17311.81,398.98,34.45,73.28339647,0.03432,0.602854803,0.104705544,3,3.745,10.6,0.9676,99.7,11.07,432.4,7.04,11.33333333,11.96032061,93.66028704,253.166,255.034,9.789,22.358,391,538,-0.147,529,9,NA,19605.26896,4745.388748,22,NA,18.28482587,3.715174129,2.45,1.793488045,NA,2.078538588,0.183563218,0.034587382,0.146966034,14220,12180,13340,13720,13360,868,6.496913878,4,-26.86,NA,138.5963917,NA,13.30248072,NA,1.72,-77.65841122,6794.926951,10303.81095,NA,NA,NA,NA,NA,NA,NA,NA,NA,NA,NA,NA,NA,NA,NA,NA,NA,NA,NA,NA,NA,NA,NA,NA,NA,NA,NA,NA,NA,NA,NA,NA,NA,NA,NA
Stream,NA,DN,FM4,DN,NA,NA,NA,2015-07-15,NA,NA,NA,NA,NA,NA,NA,NA,NA,NA,NA,NA,0.001854,NA,NA,NA,NA,NA,NA,NA,NA,NA,NA,NA,NA,NA,NA,NA,NA,NA,NA,NA,NA,NA,NA,NA,NA,NA,NA,NA,NA,NA,NA,NA,NA,NA,NA,NA,NA,NA,NA,NA,NA,2853,NA,NA,1,NA,NA,NA,NA,NA,NA,NA,NA,NA,NA,NA,NA,NA,NA,NA,NA,NA,NA,NA,NA,NA,NA,NA,NA,NA,NA,NA,NA,NA,NA,NA,NA,NA,NA,NA,NA,NA,NA,NA,NA,NA,NA,NA,NA,NA
Stream,NA,DN,FM4,DN,NA,NA,NA,2015-08-07,NA,NA,NA,NA,NA,NA,NA,NA,NA,NA,NA,NA,0.08748,NA,NA,NA,NA,NA,NA,NA,NA,NA,NA,NA,NA,NA,NA,NA,NA,NA,NA,NA,NA,NA,NA,NA,NA,NA,NA,NA,NA,NA,NA,NA,NA,NA,NA,NA,NA,NA,NA,NA,NA,3417,NA,NA,1,NA,NA,NA,NA,NA,NA,NA,NA,NA,NA,NA,NA,NA,NA,NA,NA,NA,NA,NA,NA,NA,NA,NA,NA,NA,NA,NA,NA,NA,NA,NA,NA,NA,NA,NA,NA,NA,NA,NA,NA,NA,NA,NA,NA,NA
Stream,NA,DN,FM4,DN,NA,NA,NA,2016-07-29,NA,NA,NA,NA,NA,NA,NA,NA,NA,NA,NA,NA,NA,NA,NA,NA,NA,NA,NA,NA,NA,NA,NA,NA,NA,NA,NA,NA,NA,NA,NA,NA,NA,NA,NA,NA,NA,NA,NA,NA,NA,NA,NA,NA,NA,NA,NA,NA,NA,NA,NA,NA,NA,1397,NA,NA,NA,NA,NA,NA,NA,NA,NA,NA,NA,NA,NA,NA,NA,NA,NA,NA,NA,0.483519332,8.497572901,3.006775159,743.308483,0.532162728,0.879565749,3.542125716,2.158304379,0.280153241,0.394004942,0.152094378,0.186348101,0.124035335,0.143517244,1.107787306,0.427629716,0.523937743,0.348738695,0.40351418,1.6510053,2418.850833,1.467122809,0.414192755,0.893954037,0.250444121,0.90002604,0.372447776,0.438102627,0.193748707
Stream,NA,DN,FM4,DN,NA,67.28106,-135.16193,2015-07-03,1899-12-31 12:00:00,NA,NA,NA,NA,17,8.8,960,22901.43,296.28,98.05,24.0111212,0.02542,0.379447809,0.186166061,4,4.3516,NA,NA,NA,NA,280,7.21,9.033333333,12.36451504,93.51196762,42.59764706,39.4225,17.68,4.772352941,615,164,0.451,123,41,NA,3813.503244,1602.644286,27,NA,19.16713989,7.832860107,7.832860107,1.572967581,NA,1.876062176,0.210181347,0.06693178,0.155844023,2506.25,2270.588235,2447,2394.444444,2405,100,4.172086347,4,-26.97,NA,63.43554275,NA,9.633389379,NA,1.3,45.71652656,5820.865012,5820.865012,NA,NA,NA,NA,NA,NA,NA,NA,NA,NA,NA,NA,NA,NA,NA,NA,NA,NA,NA,NA,NA,NA,NA,NA,NA,NA,NA,NA,NA,NA,NA,NA,NA,NA,NA
Stream,NA,DN,FM4,DN,NA,67.28106,-135.16193,2015-07-25,1899-12-31 11:30:00,NA,NA,NA,NA,17,8.8,960,22901.43,296.28,98.05,24.0111212,0.02144,0.839927104,0.210249964,5,4.3516,11,0.9924,NA,NA,380,7.95,9.033333333,12.36451504,93.51196762,50.546875,45.261875,18.15,4.3575,673,158,0.515,106,52,NA,4003.773022,1442.411253,32,NA,24.37449474,7.62550526,7.62550526,1.699976526,NA,1.880813953,0.162139535,0.059024501,0.152054043,2662.5,2687.5,2633.125,2443.75,2607,111,4.254208032,4,-27.04,NA,80.92245999,NA,12.113305,NA,1.46,41.09953495,6138.095511,6138.095511,NA,NA,NA,NA,NA,NA,NA,NA,NA,NA,NA,NA,NA,NA,NA,NA,NA,NA,NA,NA,NA,NA,NA,NA,NA,NA,NA,NA,NA,NA,NA,NA,NA,NA,NA
Stream,NA,DN,FM4,DN,NA,67.28106,-135.16193,2015-08-15,1899-12-31 12:41:00,NA,NA,NA,NA,17,8.8,960,22901.43,296.28,98.05,24.0111212,0.04064,0.865317309,0.101589419,4,4.3516,8.7,0.9826,104.4,12.13,240.5,6.75,9.033333333,12.36451504,93.51196762,43.4292,36.84,20.16,3.4136,585,152,0.433,83,69,NA,3761.267007,1135.745578,28,NA,19.2086112,8.791388801,8.791388801,1.517298188,NA,1.85278157,0.145631399,0.058846921,0.149375179,2428,2344,2518,1930,2305,260,11.27548723,4,-26.94,NA,83.6496647,NA,12.58561665,NA,1.48,54.29628789,5913.691679,5913.691679,NA,NA,NA,NA,NA,NA,NA,NA,NA,NA,NA,NA,NA,NA,NA,NA,NA,NA,NA,NA,NA,NA,NA,NA,NA,NA,NA,NA,NA,NA,NA,NA,NA,NA,NA
Stream,NA,DN,HA,DN,NA,67.15033667,-135.68566,2015-06-18,1899-12-31 15:40:00,NA,NA,NA,NA,7.3,5.9,288,-3015.23,530.38,79.93,57.54620369,0.04127,0.328670291,0.123861375,5,1.0752,4.9,0.9484,142,18.15,126.3,6.9,20.45,8.435805547,107.0610069,418.5587202,379.6032906,7.142,37.37861401,343,164,0.179,151,13,NA,30137.49061,8970.053387,7,NA,2.802855918,4.197144082,2.45,1.584982424,NA,1.740368899,0.155420432,0.031921898,0.105311402,23950,24050,28617.5,28100,26180,2530,9.647702174,4,-26.78,NA,109.1341268,NA,11.84334231,NA,1.88,46.53013605,4388.252462,7517.603205,NA,NA,NA,NA,NA,NA,NA,NA,NA,NA,NA,NA,NA,NA,NA,NA,NA,NA,NA,NA,NA,NA,NA,NA,NA,NA,NA,NA,NA,NA,NA,NA,NA,NA,NA
Stream,NA,DN,HA,DN,NA,67.15033667,-135.68566,2015-07-28,1899-12-31 18:59:00,NA,NA,NA,NA,7.3,5.9,288,-3015.23,530.38,79.93,57.54620369,0.08638,0.630073991,0.388047146,5,1.0752,7.7,0.9954,NA,NA,60,7.08,20.45,8.435805547,107.0610069,48.297,42.6005,9.723,4.297,409,149,0.26,132,17,NA,2790.010199,1276.502868,6,NA,4.382044969,1.617955031,2.45,1.889157428,NA,2.170651685,0.193123596,0.053634574,0.119614585,2255,2225,2332.5,2380,2298,70.9,3.086326171,4,-26.95,NA,86.06340787,NA,11.56157099,NA,1.32,43.61083934,15497.42262,10234.33996,NA,NA,NA,NA,NA,NA,NA,NA,NA,NA,NA,NA,NA,NA,NA,NA,NA,NA,NA,NA,NA,NA,NA,NA,NA,NA,NA,NA,NA,NA,NA,NA,NA,NA,NA
Stream,NA,DN,HB,DN,NA,67.24031333,-135.82011,2015-06-18,1899-12-31 18:15:00,NA,NA,NA,NA,7.1,13.6,257,-3215.1,665.92,34.6,17.24008906,0.03047,0.165735864,0.123025081,5,1.0242,9.8,0.9313,128.8,14.55,183.7,6.91,20.63333333,8.500651036,117.1931593,6.542535211,6.133098592,5.3,0.652957746,210,85,0.125,69,16,NA,421.2147927,228.086985,8,NA,3.186591037,4.813408963,2.45,2.103623188,NA,2.311044776,0.230646766,0.07639277,0.150051071,291.5492958,283.0985915,280.7142857,298.5714286,288.5,8.18,2.834007563,4,-26.83,NA,69.34339158,NA,10.95373866,NA,0.74,49.44625043,2839.544929,5578.731026,NA,NA,NA,NA,NA,NA,NA,NA,NA,NA,NA,NA,NA,NA,NA,NA,NA,NA,NA,NA,NA,NA,NA,NA,NA,NA,NA,NA,NA,NA,NA,NA,NA,NA,NA
Stream,NA,DN,HB,DN,NA,67.24031333,-135.82011,2015-07-28,1899-12-31 16:08:00,NA,NA,NA,NA,7.1,13.6,257,-3215.1,665.92,34.6,17.24008906,0.1049,0.557970405,0.381763941,4,1.0242,8.3,0.9954,NA,NA,190,7.7,20.63333333,8.500651036,117.1931593,94.773,82.141,6.964,12.261,351,135,0.216,116,19,NA,5999.799243,2496.688015,7,NA,8.947157661,-1.947157661,2.45,1.919182243,NA,2.21432243,0.286471963,0.060306474,0.130175727,4280,4280,4609,4140,4327,199,4.600848632,4,-26.68,NA,84.84404133,NA,7.812708143,NA,1.52,37.59867313,-9223.23517,7330.24205,NA,NA,NA,NA,NA,NA,NA,NA,NA,NA,NA,NA,NA,NA,NA,NA,NA,NA,NA,NA,NA,NA,NA,NA,NA,NA,NA,NA,NA,NA,NA,NA,NA,NA,NA
Stream,NA,DN,HD,DN,NA,67.40087333,-135.3342233,2015-06-18,1899-12-31 12:34:00,NA,NA,NA,NA,11.7,1.8,137,23713.27,323.27,65.2,0,0.678,0.720103246,0.365937344,10,18.2976,5.4,0.9685,133.1,16.75,66.9,5.95,20.6,8.453727425,73.99343708,11.26370968,11.25730159,11.87,0.969516129,317,40,0.277,39,1,"< MDL of 2 ug/L, half of value input",846.9845183,452.4195387,12,NA,4.91339907,7.08660093,7.08660093,1.846901042,NA,2.006752874,0.172729885,0.070142564,0.148593775,609.5238095,561.2903226,570,645,596.5,38.6,6.46720601,4,-26.76,NA,64.16801223,NA,13.54087628,NA,1.65,49.97334927,4319.548748,4319.548748,NA,NA,NA,NA,NA,NA,NA,NA,NA,NA,NA,NA,NA,NA,NA,NA,NA,NA,NA,NA,NA,NA,NA,NA,NA,NA,NA,NA,NA,NA,NA,NA,NA,NA,NA
Stream,NA,DN,HD,DN,NA,67.40087333,-135.3342233,2015-07-28,1899-12-31 13:10:00,NA,NA,NA,NA,11.7,1.8,137,23713.27,323.27,65.2,0,0.05684,0.364845185,0.093648588,8,18.2976,10,0.9948,NA,NA,540,6.25,20.6,8.453727425,73.99343708,263.906,241.0726034,10.37,22.478,706,410,0.296,376,34,NA,15141.58012,6188.826167,5,NA,4.696880327,0.303119673,2.45,1.826307601,NA,2.017629969,0.171850153,0.049909888,0.14629546,13200,13080,10350,12400,12260,1320,10.76528533,4,-26.69,NA,100.4535319,NA,12.50713099,NA,1.38,40.85587845,88224.71619,10915.36618,NA,NA,NA,NA,NA,NA,NA,NA,NA,NA,NA,NA,NA,NA,NA,NA,NA,NA,NA,NA,NA,NA,NA,NA,NA,NA,NA,NA,NA,NA,NA,NA,NA,NA,NA
Stream,NA,DN,SD,DN,NA,NA,NA,2015-07-16,NA,NA,NA,NA,NA,NA,NA,NA,NA,NA,NA,NA,0.07305,NA,NA,NA,NA,NA,NA,NA,NA,NA,NA,NA,NA,NA,NA,NA,NA,NA,NA,NA,NA,NA,NA,NA,NA,NA,NA,NA,NA,NA,NA,NA,NA,NA,NA,NA,NA,NA,NA,NA,NA,1111,NA,NA,1,NA,NA,NA,NA,NA,NA,NA,NA,NA,NA,NA,NA,NA,NA,NA,NA,NA,NA,NA,NA,NA,NA,NA,NA,NA,NA,NA,NA,NA,NA,NA,NA,NA,NA,NA,NA,NA,NA,NA,NA,NA,NA,NA,NA,NA
Stream,NA,DN,SD,DN,NA,NA,NA,2015-08-01,NA,NA,NA,NA,NA,NA,NA,NA,NA,NA,NA,NA,0.03272,NA,NA,NA,NA,NA,NA,NA,NA,NA,NA,NA,NA,NA,NA,NA,NA,NA,NA,NA,NA,NA,NA,NA,NA,NA,NA,NA,NA,NA,NA,NA,NA,NA,NA,NA,NA,NA,NA,NA,NA,97.51,NA,NA,1,NA,NA,NA,NA,NA,NA,NA,NA,NA,NA,NA,NA,NA,NA,NA,NA,NA,NA,NA,NA,NA,NA,NA,NA,NA,NA,NA,NA,NA,NA,NA,NA,NA,NA,NA,NA,NA,NA,NA,NA,NA,NA,NA,NA,NA
Stream,NA,DN,SD,DN,NA,NA,NA,2016-07-19,NA,NA,NA,NA,NA,NA,NA,NA,NA,NA,NA,NA,NA,NA,NA,NA,NA,NA,NA,NA,NA,NA,NA,NA,NA,NA,NA,NA,NA,NA,NA,NA,NA,NA,NA,NA,NA,NA,NA,NA,NA,NA,NA,NA,NA,NA,NA,NA,NA,NA,NA,NA,NA,2251,NA,NA,NA,NA,NA,NA,NA,NA,NA,NA,NA,NA,NA,NA,NA,NA,NA,NA,NA,0.640203335,34.70022107,11.51654011,2934.993674,1.303639393,0.912465931,7.628209339,4.502410403,0.187872297,0.364100605,0.200987037,0.234472308,0.134452666,0.065987384,3.390833002,1.871772438,2.183617467,1.25214441,0.614533994,5.646079246,8605.345807,5.259225364,0.689444289,3.104161139,0.583185883,3.047837023,1.415551488,1.327141709,0.856832355
Stream,NA,DN,SD,DN,NA,67.18119667,-135.7278867,2015-07-04,1899-12-31 14:00:00,NA,NA,NA,NA,2,1,0,-3914.26,594,66.66,3.190004377,0.003339,0.202384512,0.101800162,4,1.0891,NA,NA,NA,NA,170,6.69,6.5,13.54198148,105.1350602,2.543052632,2.46815,6.616,0.279368421,313,118,0.195,77,41,NA,166.0815936,100.2698176,13,NA,16.14917549,-3.149175494,2.45,2.361866029,NA,2.503523316,0.275025907,0.099405423,0.152110008,104.5,101.5789474,109.1851852,100.8695652,104,3.78,3.630377626,4,-26.98,NA,63.47854489,NA,10.30295361,NA,0.77,39.56656904,-5417.816242,6963.940466,NA,NA,NA,NA,NA,NA,NA,NA,NA,NA,NA,NA,NA,NA,NA,NA,NA,NA,NA,NA,NA,NA,NA,NA,NA,NA,NA,NA,NA,NA,NA,NA,NA,NA,NA
Stream,NA,DN,SD,DN,NA,67.18119667,-135.7278867,2015-07-22,1899-12-31 12:25:00,NA,NA,NA,NA,2,1,0,-3914.26,594,66.66,3.190004377,0.01532,0.238533317,0.195555621,5,1.0891,7.9,NA,NA,NA,70,6.93,6.5,13.54198148,105.1350602,3.555886076,3.193421053,8.087,0.297658228,287,50,0.237,29,21,NA,146.3188493,91.89256887,11,NA,8.800439007,2.199560993,2.45,2.783256881,NA,3.121277778,0.261277778,0.080085144,0.12452668,114.7368421,113.9240506,117.5,114.7435897,115.2,1.56,1.357317734,4,-26.88,NA,89.61927559,NA,12.51139685,NA,1.67,39.79299291,9481.500481,8512.301473,NA,NA,NA,NA,NA,NA,NA,NA,NA,NA,NA,NA,NA,NA,NA,NA,NA,NA,NA,NA,NA,NA,NA,NA,NA,NA,NA,NA,NA,NA,NA,NA,NA,NA,NA
Stream,NA,DN,SD,DN,NA,67.18119667,-135.7278867,2015-08-16,1899-12-31 14:07:00,NA,NA,NA,NA,2,1,0,-3914.26,594,66.66,3.190004377,0.02203,0.15772699,0.085249201,6,1.0891,6.6,0.9367,98.4,12.04,130.7,5.75,6.5,13.54198148,105.1350602,2.073383838,1.720693069,6.167,0.303080808,241,38,0.203,16,22,NA,87.02121947,60.02044558,9,NA,7.384242063,1.615757937,2.45,3.342115385,NA,3.985728155,0.582621359,0.114213663,0.160879565,51.48514851,52.02020202,54.09090909,52.55102041,52.54,1.12,2.138936367,4,-27.1,NA,73.93155346,NA,6.620830664,NA,2.18,35.42790064,9842.904874,6491.327215,NA,NA,0.5056,NA,NA,0.0058,NA,NA,NA,NA,NA,NA,NA,NA,NA,NA,NA,NA,NA,NA,NA,NA,NA,NA,NA,NA,NA,NA,NA,NA,NA,NA,NA,NA,NA
Stream,NA,DN,SE,DN,NA,NA,NA,2015-08-02,NA,NA,NA,NA,NA,NA,NA,NA,NA,NA,NA,NA,0.2437,NA,NA,NA,NA,NA,NA,NA,NA,NA,NA,NA,NA,NA,NA,NA,NA,NA,NA,NA,NA,NA,NA,NA,NA,NA,NA,NA,NA,NA,NA,NA,NA,NA,NA,NA,NA,NA,NA,NA,NA,16040,NA,NA,1,NA,NA,NA,NA,NA,NA,NA,NA,NA,NA,NA,NA,NA,NA,NA,NA,NA,NA,NA,NA,NA,NA,NA,NA,NA,NA,NA,NA,NA,NA,NA,NA,NA,NA,NA,NA,NA,NA,NA,NA,NA,NA,NA,NA,NA
Stream,NA,DN,SE,DN,NA,NA,NA,2016-06-17,NA,NA,NA,NA,NA,NA,NA,NA,NA,NA,NA,NA,NA,NA,NA,NA,NA,NA,NA,NA,NA,NA,NA,NA,NA,NA,NA,NA,NA,NA,NA,NA,NA,NA,NA,NA,NA,NA,NA,NA,NA,NA,NA,NA,NA,NA,NA,NA,NA,NA,NA,NA,NA,1418,NA,NA,NA,NA,NA,NA,NA,NA,NA,NA,NA,NA,NA,NA,NA,NA,NA,NA,NA,0.613562176,21.63354514,7.56758881,1896.930345,1.337436201,0.926383957,7.844659344,4.782271673,0.194289923,0.352639519,0.204586179,0.242513548,0.138939608,0.061321147,2.260438725,1.311408667,1.554525191,0.890610532,0.393071927,3.962283344,5987.457442,3.583219428,0.456771833,2.184406998,0.424408267,2.07306265,1.02341391,0.889056315,0.629702839
Stream,NA,DN,SE,DN,NA,NA,NA,2016-08-09,NA,NA,NA,NA,NA,NA,NA,NA,NA,NA,NA,NA,NA,NA,NA,NA,NA,NA,NA,NA,NA,NA,NA,NA,NA,NA,NA,NA,NA,NA,NA,NA,NA,NA,NA,NA,NA,NA,NA,NA,NA,NA,NA,NA,NA,NA,NA,NA,NA,NA,NA,NA,NA,46310,NA,NA,NA,NA,NA,NA,NA,NA,NA,NA,NA,NA,NA,NA,NA,NA,NA,NA,NA,0.776730257,160.8509324,51.61388493,13390.54937,0.289129467,0.918179039,7.299137072,4.156588491,0.223552068,0.398231154,0.195318252,0.198146959,0.139875948,0.068427687,21.11295521,10.35515546,10.50512452,7.415779991,3.627819352,32.36990611,49041.84839,29.6218298,4.058264629,16.86853605,3.770996125,17.16989875,8.198088008,8.362504807,4.76309566
Stream,NA,DN,SE,DN,NA,67.14867333,-135.71822,2015-07-06,1899-12-31 14:50:00,NA,NA,NA,NA,23,1.5,30,-3452.13,576.11,123.19,24.58247231,0.02957,0.358906133,0.146724838,4,5.5432,11.4,0.9469,NA,NA,473.3,6.56,2.766666667,10.82494677,106.1998796,943.3295036,929.9785776,4.568,110.9310057,1450,945,0.505,899,46,NA,71897.89011,31179.50409,5,NA,5.665720214,-0.665720214,2.45,1.507258635,NA,1.508120709,0.177347731,0.047894784,0.109508629,61700,62550,65655,65100,63750,1920,3.016442949,4,-26.79,NA,76.91824713,NA,9.776592234,NA,1.89,10.54877975,-17695.38388,4808.23459,NA,NA,NA,NA,NA,NA,NA,NA,NA,NA,NA,NA,NA,NA,NA,NA,NA,NA,NA,NA,NA,NA,NA,NA,NA,NA,NA,NA,NA,NA,NA,NA,NA,NA,NA
Stream,NA,DN,SE,DN,NA,67.14867333,-135.71822,2015-07-21,1899-12-31 15:10:00,"note, for easier matching to closest sensor data, make 15:35; original is 15:10",NA,NA,NA,23,1.5,30,-3452.13,576.11,123.19,24.58247231,0.06049,0.359986632,0.30482322,5,5.5432,11.6,0.9995,NA,NA,460,6.91,2.766666667,10.82494677,106.1998796,169.44,138.4725,2.783,15.3825,602,485,0.117,402,83,NA,16609.77879,4722.226955,4,NA,5.318891945,-1.318891945,2.45,1.752816456,NA,2.06006079,0.187021277,0.059212877,0.197676629,7900,8225,8402.5,7975,8126,231,2.843272765,4,-26.94,NA,75.62098234,NA,10.49794074,NA,2.1,27.73925878,-5441.637758,2929.360084,NA,NA,NA,NA,NA,NA,NA,NA,NA,NA,NA,NA,NA,NA,NA,NA,NA,NA,NA,NA,NA,NA,NA,NA,NA,NA,NA,NA,NA,NA,NA,NA,NA,NA,NA
Stream,NA,DN,SE,DN,NA,67.14867333,-135.71822,2015-08-21,1899-12-31 15:35:00,NA,NA,NA,NA,23,1.5,30,-3452.13,576.11,123.19,24.58247231,0.07717,0.377956628,0.270137353,8,5.5432,7.4,0.9441,88,105.7,381.9,6.75,2.766666667,10.82494677,106.1998796,907.8933809,793.0034638,4.019,77.24476434,1060,837,0.223,755,82,NA,86633.03034,17738.97205,6,NA,6.437789768,-0.437789768,2.45,1.554908753,NA,1.823079078,0.155109969,0.03424512,0.157128921,51000,49800,55135,51800,51930,2290,4.403625893,4,-26.8,NA,115.2848589,NA,11.97218831,NA,1.81,21.01748038,-23674.34854,4230.362263,NA,NA,NA,NA,NA,NA,NA,NA,NA,NA,NA,NA,NA,NA,NA,NA,NA,NA,NA,NA,NA,NA,NA,NA,NA,NA,NA,NA,NA,NA,NA,NA,NA,NA,NA
Stream,NA,IN,FM2,IN,NA,NA,NA,2016-07-12,NA,NA,NA,NA,NA,NA,NA,NA,NA,NA,NA,NA,NA,NA,NA,NA,NA,NA,NA,NA,NA,NA,NA,NA,NA,NA,NA,NA,NA,NA,NA,NA,NA,NA,NA,NA,NA,NA,NA,NA,NA,NA,NA,NA,NA,NA,NA,NA,NA,NA,NA,NA,NA,873600,NA,NA,NA,NA,NA,NA,NA,NA,NA,NA,NA,NA,NA,NA,NA,NA,NA,NA,NA,0.64610181,719.1479939,194.9084273,53117.88115,0.060805756,0.861142289,4.492037358,2.751719053,0.393456881,0.609990783,0.121358019,0.041810141,0.103196183,0.123644875,270.1316913,53.74285615,18.51543394,45.69996838,54.75558012,304.1200974,376384.698,244.0354728,54.32623404,149.4905333,58.818079,169.292933,50.87624012,102.7574544,24.73810972
Stream,NA,IN,FM2,IN,NA,67.25836333,-135.23058,2015-07-01,1899-12-31 13:31:00,NA,NA,NA,NA,25,31.7,1529,18917.94,373.49,66.73,17.13692698,NA,NA,NA,NA,NA,19.3,0.9637,70.1,6.39,2085,7.06,12.22222222,12.2727014,107.3350648,14411.45,9469.7,5.659,1337,1880,1302,0.578,1260,42,NA,1087583.094,331671.884,8,NA,7.013154884,0.986845116,2.45,1.396710914,NA,1.700466077,0.157758112,0.044222918,0.152943762,678000,847500,711100,750000,746600,73400,9.82932659,NA,-26.63,NA,73.62972876,NA,8.259853051,NA,1.63,11.41771933,14788.23474,5956.611109,NA,NA,NA,NA,NA,NA,NA,NA,NA,NA,NA,NA,NA,NA,NA,NA,NA,NA,NA,NA,NA,NA,NA,NA,NA,NA,NA,NA,NA,NA,NA,NA,NA,NA,NA
Stream,NA,IN,FM2,IN,NA,67.25836333,-135.23058,2015-07-23,1899-12-31 13:10:00,NA,NA,NA,NA,25,31.7,1529,18917.94,373.49,66.73,17.13692698,NA,NA,NA,NA,NA,12.5,0.9889,NA,NA,2845,7.43,12.22222222,12.2727014,107.3350648,6731.9754,4603.830073,4.737,572.2972752,1280,916,0.364,872,44,NA,523629.2567,181124.274,3,NA,5.318891945,-2.318891945,2.45,1.329306085,NA,1.911135671,0.162469063,0.051213273,0.146674862,346333.3333,352250,357000,353666.6667,352300,4460,1.264711449,NA,-26.54,NA,65.54933128,NA,9.381345159,NA,1.96,15.176426,-5268.033285,4986.122428,NA,NA,NA,NA,NA,NA,NA,NA,NA,NA,NA,NA,NA,NA,NA,NA,NA,NA,NA,NA,NA,NA,NA,NA,NA,NA,NA,NA,NA,NA,NA,NA,NA,NA,NA
Stream,NA,IN,FM2,IN,NA,67.25836333,-135.23058,2015-08-13,1899-12-31 13:58:00,NA,NA,NA,NA,25,31.7,1529,18917.94,373.49,66.73,17.13692698,NA,NA,NA,NA,NA,13.8,0.9676,83.7,8.57,2463,7.38,12.22222222,12.2727014,107.3350648,5473.542937,4628.777363,6.453,379.6668891,1560,1019,0.541,944,75,NA,366872.1835,151927.9464,8,NA,6.275616598,1.724383402,2.45,1.741232864,NA,2.055147536,0.142553275,0.057151579,0.136858561,265833.3333,266333.3333,268066.6667,265833.3333,266500,1060,0.39767652,NA,-26.46,NA,78.56954939,NA,14.21775663,NA,2.2,13.91015302,9650.581188,6792.368172,NA,NA,0.1034,NA,NA,0.0013,NA,NA,NA,NA,NA,NA,NA,NA,NA,NA,NA,NA,NA,NA,NA,NA,NA,NA,NA,NA,NA,NA,NA,NA,NA,NA,NA,NA,NA
Stream,NA,IN,FM3,IN,NA,NA,NA,2016-07-13,NA,NA,NA,NA,NA,NA,NA,NA,NA,NA,NA,NA,NA,NA,NA,NA,NA,NA,NA,NA,NA,NA,NA,NA,NA,NA,NA,NA,NA,NA,NA,NA,NA,NA,NA,NA,NA,NA,NA,NA,NA,NA,NA,NA,NA,NA,NA,NA,NA,NA,NA,NA,NA,136400,NA,NA,NA,NA,NA,NA,NA,NA,NA,NA,NA,NA,NA,NA,NA,NA,NA,NA,NA,0.731102863,917.6321857,298.7700257,76858.41101,0.56356072,0.928109315,9.198241611,4.916240807,0.217195039,0.428492887,0.215804346,0.165895612,0.141644467,0.048162689,185.3173139,93.33242839,71.74758344,61.25929477,20.82970427,259.2714544,410461.6895,249.1935545,27.09143389,133.1880128,28.92777566,144.8820054,68.73345467,72.77011607,42.25786335
Stream,NA,IN,FM3,IN,NA,67.25256,-135.2699367,2015-07-02,1899-12-31 12:55:00,NA,NA,NA,NA,10.3,6.1,576,17311.81,398.98,34.45,73.28339647,NA,NA,NA,NA,NA,NA,NA,NA,NA,990,6.52,11.33333333,11.96032061,93.66028704,1485.7,1906.1375,11.53,185.35,2410,1441,0.969,1410,31,NA,113148.5758,40732.92086,11,NA,6.846774194,4.153225806,2.45,1.988148631,NA,2.221607477,0.277158879,0.063894778,0.149131996,95875,66875,75871.42857,63750,75590,14500,19.13523123,NA,-26.58,NA,120.6797244,NA,11.99303614,NA,1.07,13.87627946,7159.280872,12136.37146,NA,NA,0.1335,NA,NA,0.0026,NA,NA,NA,NA,NA,NA,NA,NA,NA,NA,NA,NA,NA,NA,NA,NA,NA,NA,NA,NA,NA,NA,NA,NA,NA,NA,NA,NA,NA
Stream,NA,IN,FM3,IN,NA,67.25256,-135.2699367,2015-07-24,1899-12-31 12:40:00,NA,NA,NA,NA,10.3,6.1,576,17311.81,398.98,34.45,73.28339647,NA,NA,NA,NA,NA,12.1,0.9912,NA,NA,1946,7.07,11.33333333,11.96032061,93.66028704,858.7125,742.8798223,12.05,76.025,2640,1795,0.845,1700,95,NA,66964.42425,27704.14019,15,NA,3.504323911,11.49567609,11.49567609,1.868880056,NA,2.393623693,0.211916376,0.075129872,0.169208905,39750,35875,39575,36875,38020,1940,5.110009331,NA,-26.74,NA,69.15116862,NA,11.39540175,NA,1.62,16.63021429,2703.199921,2703.199921,NA,NA,NA,NA,NA,NA,NA,NA,NA,NA,NA,NA,NA,NA,NA,NA,NA,NA,NA,NA,NA,NA,NA,NA,NA,NA,NA,NA,NA,NA,NA,NA,NA,NA,NA
Stream,NA,IN,FM3,IN,NA,67.25256,-135.2699367,2015-08-14,1899-12-31 13:31:00,NA,NA,NA,NA,10.3,6.1,576,17311.81,398.98,34.45,73.28339647,NA,NA,NA,NA,NA,14.7,0.9617,87.1,8.79,1558,6.92,11.33333333,11.96032061,93.66028704,1982.1,1789.357143,10.08,184.0428571,2950,1937,1.013,1928,9,NA,142713.645,38195.52243,11,NA,2.580475283,8.419524717,8.419524717,1.912290076,NA,2.108617021,0.195790274,0.04158144,0.151317103,93571.42857,94000,94314.28571,91857.14286,93440,1100,1.172504828,NA,-26.68,NA,120.812039,NA,11.33823808,NA,2.16,11.60429055,3087.440476,3087.440476,NA,NA,NA,NA,NA,NA,NA,NA,NA,NA,NA,NA,NA,NA,NA,NA,NA,NA,NA,NA,NA,NA,NA,NA,NA,NA,NA,NA,NA,NA,NA,NA,NA,NA,NA
Stream,NA,IN,FM4,IN,NA,NA,NA,2016-07-29,NA,NA,NA,NA,NA,NA,NA,NA,NA,NA,NA,NA,NA,NA,NA,NA,NA,NA,NA,NA,NA,NA,NA,NA,NA,NA,NA,NA,NA,NA,NA,NA,NA,NA,NA,NA,NA,NA,NA,NA,NA,NA,NA,NA,NA,NA,NA,NA,NA,NA,NA,NA,NA,30500,NA,NA,NA,NA,NA,NA,NA,NA,NA,NA,NA,NA,NA,NA,NA,NA,NA,NA,NA,0.612802634,212.4953366,70.11236159,18007.6271,0.59031723,0.905879006,6.182107395,3.513567252,0.254757829,0.421144489,0.179774423,0.180444338,0.135555928,0.083080822,35.20111572,15.02633994,15.08233438,11.33036291,6.944261935,50.24123793,76100.90938,46.52644725,7.525984956,26.44305428,6.736575111,27.68912872,12.17901725,13.75638714,6.805916823
Stream,NA,IN,FM4,IN,NA,67.28106,-135.16193,2015-07-03,1899-12-31 14:00:00,NA,NA,NA,NA,17,8.8,960,22901.43,296.28,98.05,24.0111212,NA,NA,NA,NA,NA,NA,NA,NA,NA,1980,6.86,9.033333333,12.36451504,93.51196762,260.728,210.024,30.49,24.738,7500,4970,2.53,4880,90,NA,13960.82331,4566.57119,34,NA,5.030359288,28.96964071,28.96964071,2.672061069,NA,2.956099773,0.28047619,0.056031548,0.152178148,7860,8820,9174,8150,8501,602,7.086598505,NA,-26.73,NA,118.605364,NA,9.900835568,NA,1.69,14.05414438,2714.188168,2714.188168,NA,NA,NA,NA,NA,NA,NA,NA,NA,NA,NA,NA,NA,NA,NA,NA,NA,NA,NA,NA,NA,NA,NA,NA,NA,NA,NA,NA,NA,NA,NA,NA,NA,NA,NA
Stream,NA,IN,FM4,IN,NA,67.28106,-135.16193,2015-07-25,1899-12-31 13:14:00,NA,NA,NA,NA,17,8.8,960,22901.43,296.28,98.05,24.0111212,NA,NA,NA,NA,NA,12.6,0.9922,NA,NA,2417,7.68,9.033333333,12.36451504,93.51196762,4.490274725,3.9096,23.88,0.452252747,5340,3294,2.046,2760,534,NA,194.8015767,93.70732463,32,NA,7.243033434,24.75696657,24.75696657,5.077402597,NA,5.714895105,0.575594406,0.117618849,0.238689679,77,78.57142857,81.61290323,79.67032967,79.21,1.94,2.44764764,NA,-26.3,NA,107.593101,NA,10.08134831,NA,-0.64,13.61119326,2487.496795,2487.496795,NA,NA,NA,NA,NA,NA,NA,NA,NA,NA,NA,NA,NA,NA,NA,NA,NA,NA,NA,NA,NA,NA,NA,NA,NA,NA,NA,NA,NA,NA,NA,NA,NA,NA,NA
Stream,NA,IN,FM4,IN,NA,67.28106,-135.16193,2015-08-15,1899-12-31 14:23:00,NA,NA,NA,NA,17,8.8,960,22901.43,296.28,98.05,24.0111212,NA,NA,NA,NA,NA,14.9,0.9731,80.8,8.05,1750,7.06,9.033333333,12.36451504,93.51196762,2.174177215,2.065987654,26.07,0.283924051,3850,2055,1.795,1900,155,NA,184.4095464,91.23669278,36,NA,7.815258812,28.18474119,28.18474119,3.891744186,NA,4.705753425,0.614520548,0.184783175,0.371109895,53.08641975,46.20253165,49.69135802,49.375,49.59,2.81,5.674736753,NA,-27.03,NA,58.39609753,NA,8.485804991,NA,2.13,16.93729632,2385.352779,2385.352779,NA,NA,NA,NA,NA,NA,NA,NA,NA,NA,NA,NA,NA,NA,NA,NA,NA,NA,NA,NA,NA,NA,NA,NA,NA,NA,NA,NA,NA,NA,NA,NA,NA,NA,NA
Stream,NA,IN,HA,IN,NA,67.15033667,-135.68566,2015-06-18,1899-12-31 14:49:00,NA,NA,NA,NA,7.3,5.9,288,-3015.23,530.38,79.93,57.54620369,NA,NA,NA,NA,NA,16.7,0.9438,94,9.09,850,6.27,20.45,8.435805547,107.0610069,4297.430244,3494.485902,11.16,378.308173,3180,1696,1.484,1690,6,NA,160536.6759,34649.74231,15,NA,0.884180325,14.11581967,14.11581967,1.553104845,NA,1.920210118,0.169038504,0.01502265,0.070993091,225000,223800,226130,230650,226400,2990,1.32156201,NA,-26.77,NA,260.0811766,NA,10.77221658,NA,2.03,8.769963808,2038.842746,2038.842746,NA,NA,NA,NA,NA,NA,NA,NA,NA,NA,NA,NA,NA,NA,NA,NA,NA,NA,NA,NA,NA,NA,NA,NA,NA,NA,NA,NA,NA,NA,NA,NA,NA,NA,NA
Stream,NA,IN,HA,IN,NA,67.15033667,-135.68566,2015-07-28,1899-12-31 18:45:00,NA,NA,NA,NA,7.3,5.9,288,-3015.23,530.38,79.93,57.54620369,NA,NA,NA,NA,NA,9.5,0.9954,NA,NA,1283,6.65,20.45,8.435805547,107.0610069,3554.219477,3111.755657,12.19,305.4642683,3480,2234,1.246,2200,34,NA,177557.9425,25489.13858,14,NA,2.49303282,11.50696718,11.50696718,1.880214898,NA,2.145404111,0.18438487,0.015385798,0.106364582,165500,165666.6667,166933.3333,165666.6667,165900,666,0.4012032,NA,-26.77,NA,314.8298966,NA,11.87989438,NA,1.29,11.40914687,2731.92309,2731.92309,NA,NA,NA,NA,NA,NA,NA,NA,NA,NA,NA,NA,NA,NA,NA,NA,NA,NA,NA,NA,NA,NA,NA,NA,NA,NA,NA,NA,NA,NA,NA,NA,NA,NA,NA
Stream,NA,IN,HB,IN,NA,67.24031333,-135.82011,2015-06-18,1899-12-31 17:41:00,NA,NA,NA,NA,7.1,13.6,257,-3215.1,665.92,34.6,17.24008906,NA,NA,NA,NA,NA,15.3,0.9285,127.5,12.5,113.4,7.11,20.63333333,8.500651036,117.1931593,32.58833333,26.02448276,3.865,3.224333333,358,180,0.178,172,8,NA,1893.972369,875.7774166,27,NA,8.942617815,18.05738219,18.05738219,1.792660333,NA,1.943638171,0.192306163,0.054973041,0.123512266,1451.724138,1676.666667,1533.428571,1593.103448,1564,95,6.075885702,NA,-26.72,NA,76.63267791,NA,9.412601686,NA,1.92,25.32194163,551.9761917,551.9761917,NA,NA,NA,NA,NA,NA,NA,NA,NA,NA,NA,NA,NA,NA,NA,NA,NA,NA,NA,NA,NA,NA,NA,NA,NA,NA,NA,NA,NA,NA,NA,NA,NA,NA,NA
Stream,NA,IN,HB,IN,NA,67.24031333,-135.82011,2015-07-28,1899-12-31 15:50:00,NA,NA,NA,NA,7.1,13.6,257,-3215.1,665.92,34.6,17.24008906,NA,NA,NA,NA,NA,9.6,0.9954,NA,NA,915,7.11,20.63333333,8.500651036,117.1931593,1675.74,1304.23,7.497,187.72,1870,1396,0.474,1050,346,NA,104125.5509,19481.81795,9,NA,4.696880327,4.303119673,2.45,1.791524725,NA,2.081664596,0.233192547,0.02705808,0.127090871,72800,80500,81930,72000,76810,5130,6.683093642,NA,-26.73,NA,172.6435439,NA,8.102352761,NA,1.53,18.44491578,4492.930742,7891.272925,NA,NA,NA,NA,NA,NA,NA,NA,NA,NA,NA,NA,NA,NA,NA,NA,NA,NA,NA,NA,NA,NA,NA,NA,NA,NA,NA,NA,NA,NA,NA,NA,NA,NA,NA
Stream,NA,IN,HD,IN,NA,67.40087333,-135.3342233,2015-06-18,1899-12-31 11:59:00,NA,NA,NA,NA,11.7,1.8,137,23713.27,323.27,65.2,0,NA,NA,NA,NA,NA,6.2,0.9667,120.8,14.94,379.1,5.28,20.6,8.453727425,73.99343708,576.1566667,505.9816667,15.8,47.71333333,2180,2055,0.125,2000,55,NA,26951.6216,6685.979029,24,NA,6.640207104,17.3597929,17.3597929,2.446325544,NA,2.747965024,0.227567568,0.031073489,0.135061998,20683.33333,20966.66667,19955,21516.66667,20780,650,3.127933841,NA,-26.6,NA,195.1620668,NA,12.36694788,NA,1.7,147.4058032,2347.135622,2347.135622,NA,NA,NA,NA,NA,NA,NA,NA,NA,NA,NA,NA,NA,NA,NA,NA,NA,NA,NA,NA,NA,NA,NA,NA,NA,NA,NA,NA,NA,NA,NA,NA,NA,NA,NA
Stream,NA,IN,HD,IN,NA,67.40087333,-135.3342233,2015-07-28,1899-12-31 12:34:00,NA,NA,NA,NA,11.7,1.8,137,23713.27,323.27,65.2,0,NA,NA,NA,NA,NA,11,0.9948,NA,NA,2314,5.72,20.6,8.453727425,73.99343708,1278.29,1174.4,33.56,118.05,5390,5151,0.239,5150,1,"< MDL of 2 ug/L, half of value input",92513.92638,29964.48642,39,NA,4.854298006,34.14570199,34.14570199,2.131397459,NA,2.262460177,0.208938053,0.053892961,0.162934002,55100,56500,56780,55600,56000,781,1.394163965,NA,-26.73,NA,101.0729267,NA,11.60159121,NA,1.2,163.7538648,2534.612334,2534.612334,NA,NA,NA,NA,NA,NA,NA,NA,NA,NA,NA,NA,NA,NA,NA,NA,NA,NA,NA,NA,NA,NA,NA,NA,NA,NA,NA,NA,NA,NA,NA,NA,NA,NA,NA
Stream,NA,IN,SD,IN,NA,NA,NA,2016-07-19,NA,NA,NA,NA,NA,NA,NA,NA,NA,NA,NA,NA,NA,NA,NA,NA,NA,NA,NA,NA,NA,NA,NA,NA,NA,NA,NA,NA,NA,NA,NA,NA,NA,NA,NA,NA,NA,NA,NA,NA,NA,NA,NA,NA,NA,NA,NA,NA,NA,NA,NA,NA,NA,10580,NA,NA,NA,NA,NA,NA,NA,NA,NA,NA,NA,NA,NA,NA,NA,NA,NA,NA,NA,0.594507413,1705.750583,651.7250579,157123.2353,14.85237123,0.906305563,10.10522536,6.160236334,0.176897395,0.276254608,0.277140441,0.257636804,0.131772765,0.057195382,72.17256561,72.4039929,67.30859364,34.4261354,14.94251077,153.1482498,254290.6046,139.6105439,13.81567842,85.10784418,15.0553559,74.97861658,45.31495504,29.37979615,32.80265597
Stream,NA,IN,SD,IN,NA,67.18119667,-135.7278867,2015-07-04,1899-12-31 13:10:00,NA,NA,NA,NA,2,1,0,-3914.26,594,66.66,3.190004377,NA,NA,NA,NA,NA,NA,NA,NA,NA,130,6.01,6.5,13.54198148,105.1350602,4.432230769,6.443866667,6.298,0.378230769,284,87,0.197,52,35,NA,241.0349144,121.3959251,11,NA,9.319045539,1.680954461,2.45,3.333034483,NA,2.190836502,0.186958175,0.058604929,0.142744873,193.3333333,202.3076923,168.8571429,207.1428571,192.9,17,8.825642158,NA,-26.59,NA,136.8888497,NA,19.86813934,NA,1.06,37.28240652,9662.118193,6629.216604,NA,NA,NA,NA,NA,NA,NA,NA,NA,NA,NA,NA,NA,NA,NA,NA,NA,NA,NA,NA,NA,NA,NA,NA,NA,NA,NA,NA,NA,NA,NA,NA,NA,NA,NA
Stream,NA,IN,SD,IN,NA,67.18119667,-135.7278867,2015-07-22,1899-12-31 13:10:00,NA,NA,NA,NA,2,1,0,-3914.26,594,66.66,3.190004377,NA,NA,NA,NA,NA,10.5,NA,NA,NA,510,4.24,6.5,13.54198148,105.1350602,18.2042069,14.454,28.35,1.181793103,2660,1591,1.069,1590,1,"< MDL of 2 ug/L, half of value input",436.0798615,192.26217,32,NA,5.685627861,26.31437214,26.31437214,4.957148014,NA,5.750784314,0.373333333,0.059948115,0.139624827,291.5789474,316.5517241,312.3225806,320.7142857,310.3,12.9,4.169349453,NA,-26.72,NA,193.8741238,NA,14.2631059,NA,0.52,30.92736113,2778.3419,2778.3419,NA,NA,NA,NA,NA,NA,NA,NA,NA,NA,NA,NA,NA,NA,NA,NA,NA,NA,NA,NA,NA,NA,NA,NA,NA,NA,NA,NA,NA,NA,NA,NA,NA,NA,NA
Stream,NA,IN,SD,IN,NA,67.18119667,-135.7278867,2015-08-16,1899-12-31 13:55:00,NA,NA,NA,NA,2,1,0,-3914.26,594,66.66,3.190004377,NA,NA,NA,NA,NA,9.6,0.9361,60,6.74,504,4.87,6.5,13.54198148,105.1350602,160.186,141.5786667,22.8,9.525714286,2330,744,1.586,655,89,NA,2611.667864,769.7023095,24,NA,3.913916981,20.08608302,20.08608302,5.882770083,NA,5.858422153,0.348380355,0.030286794,0.116553772,2406.666667,2734.285714,2240.740741,2541.37931,2481,209,8.425004658,NA,-26.6,NA,474.3519234,NA,17.33276203,NA,0.72,16.76483068,2927.286509,2927.286509,NA,NA,0.6729,NA,NA,0.0023,NA,NA,NA,NA,NA,NA,NA,NA,NA,NA,NA,NA,NA,NA,NA,NA,NA,NA,NA,NA,NA,NA,NA,NA,NA,NA,NA,NA,NA
Stream,NA,IN,SE,IN,NA,NA,NA,2016-06-17,NA,NA,NA,NA,NA,NA,NA,NA,NA,NA,NA,NA,NA,NA,NA,NA,NA,NA,NA,NA,NA,NA,NA,NA,NA,NA,NA,NA,NA,NA,NA,NA,NA,NA,NA,NA,NA,NA,NA,NA,NA,NA,NA,NA,NA,NA,NA,NA,NA,NA,NA,NA,NA,162000,NA,NA,NA,NA,NA,NA,NA,NA,NA,NA,NA,NA,NA,NA,NA,NA,NA,NA,NA,0.792117975,765.7953093,248.3802993,63878.7317,0.394345615,0.923819574,10.6180481,5.923233184,0.225326722,0.428628845,0.20559766,0.174963328,0.146755637,0.04405453,148.0792625,71.02823381,60.44493008,50.69996276,15.21960638,213.6780196,328623.1568,198.4389704,18.68883702,110.6983396,24.94329404,115.0060105,56.20215876,58.29257529,32.89466226
Stream,NA,IN,SE,IN,NA,67.14867333,-135.71822,2015-07-06,1899-12-31 14:26:00,NA,NA,NA,NA,23,1.5,30,-3452.13,576.11,123.19,24.58247231,NA,NA,NA,NA,NA,11.7,0.9454,NA,NA,911,6.54,2.766666667,10.82494677,106.1998796,10347.76687,9163.725,11.84,856.5057748,3440,2161,1.279,2160,1,"< MDL of 2 ug/L, half of value input",605700.4636,290704.1451,22,NA,6.618761603,15.3812384,15.3812384,1.355079482,NA,1.672591628,0.138443821,0.045622119,0.087744526,676250,618666.6667,690300,637200,655600,33300,5.084223996,NA,-26.79,NA,81.29174775,NA,12.4769737,NA,1.7,10.79564675,1985.116671,1985.116671,NA,NA,NA,NA,NA,NA,NA,NA,NA,NA,NA,NA,NA,NA,NA,NA,NA,NA,NA,NA,NA,NA,NA,NA,NA,NA,NA,NA,NA,NA,NA,NA,NA,NA,NA
Stream,NA,IN,SE,IN,NA,67.14867333,-135.71822,2015-07-21,1899-12-31 14:40:00,NA,NA,NA,NA,23,1.5,30,-3452.13,576.11,123.19,24.58247231,NA,NA,NA,NA,NA,11.3,0.9995,NA,NA,950,7.13,2.766666667,10.82494677,106.1998796,11019.26541,3774.925,14.97,914.8094688,3380,2461,0.919,2460,1,"< MDL of 2 ug/L, half of value input",569660.9827,90469.5784,21,NA,4.494088293,16.50591171,16.50591171,1.545516888,NA,1.752567063,0.145496536,0.014423209,0.089742189,244250,628750,634775,627250,533800,193000,36.16474015,NA,-26.78,NA,107.604739,NA,4.812216788,NA,1.67,18.99650894,2338.879892,2338.879892,NA,NA,NA,NA,NA,NA,NA,NA,NA,NA,NA,NA,NA,NA,NA,NA,NA,NA,NA,NA,NA,NA,NA,NA,NA,NA,NA,NA,NA,NA,NA,NA,NA,NA,NA
Stream,NA,IN,SE,IN,NA,67.14867333,-135.71822,2015-08-21,1899-12-31 14:23:00,NA,NA,NA,NA,23,1.5,30,-3452.13,576.11,123.19,24.58247231,NA,NA,NA,NA,NA,9.9,0.9421,64.9,7.26,833,6.56,2.766666667,10.82494677,106.1998796,6205.552747,7215.45,13.41,558.742866,3500,2341,1.159,2340,1,"< MDL of 2 ug/L, half of value input",462431.1849,186481.8297,17,NA,4.229401079,12.77059892,12.77059892,1.58843148,NA,1.341741135,0.120809268,0.041348521,0.099388788,454250,462500,465275,451000,458300,6730,1.469133487,NA,-26.84,NA,99.78207648,NA,15.05979076,NA,1.91,13.4931345,2707.965643,2707.965643,NA,NA,NA,NA,NA,NA,NA,NA,NA,NA,NA,NA,NA,NA,NA,NA,NA,NA,NA,NA,NA,NA,NA,NA,NA,NA,NA,NA,NA,NA,NA,NA,NA,NA,NA
Stream,NA,UP,FM2,UP,NA,NA,NA,2015-07-12,NA,NA,NA,NA,NA,NA,NA,NA,NA,NA,NA,NA,0.0006291,NA,NA,NA,NA,NA,NA,NA,NA,NA,NA,NA,NA,NA,NA,NA,NA,NA,NA,NA,NA,NA,NA,NA,NA,NA,NA,NA,NA,NA,NA,NA,NA,NA,NA,NA,NA,NA,NA,NA,NA,20.24,NA,NA,1,NA,NA,NA,NA,NA,NA,NA,NA,NA,NA,NA,NA,NA,NA,NA,NA,NA,NA,NA,NA,NA,NA,NA,NA,NA,NA,NA,NA,NA,NA,NA,NA,NA,NA,NA,NA,NA,NA,NA,NA,NA,NA,NA,NA,NA
Stream,NA,UP,FM2,UP,NA,NA,NA,2015-08-03,NA,NA,NA,NA,NA,NA,NA,NA,NA,NA,NA,NA,0.01512,NA,NA,NA,NA,NA,NA,NA,NA,NA,NA,NA,NA,NA,NA,NA,NA,NA,NA,NA,NA,NA,NA,NA,NA,NA,NA,NA,NA,NA,NA,NA,NA,NA,NA,NA,NA,NA,NA,NA,NA,26.46,NA,NA,1,NA,NA,NA,NA,NA,NA,NA,NA,NA,NA,NA,NA,NA,NA,NA,NA,NA,NA,NA,NA,NA,NA,NA,NA,NA,NA,NA,NA,NA,NA,NA,NA,NA,NA,NA,NA,NA,NA,NA,NA,NA,NA,NA,NA,NA
Stream,NA,UP,FM2,UP,NA,67.25836333,-135.23058,2015-07-01,1899-12-31 11:31:00,NA,NA,NA,NA,25,31.7,1529,18917.94,373.49,66.73,17.13692698,0.006047,0.116446682,0.128594627,5,0.7264,4.4,0.9584,109.6,14.04,295.6,7.39,12.22222222,12.2727014,107.3350648,2.619090909,2.709639175,12.09,0.235,505,140,0.365,48,92,NA,108.8125633,77.72582693,13,NA,13.16924045,-0.169240448,2.45,2.986761364,NA,3.471084337,0.311445783,0.095056586,0.135784254,90.72164948,75.45454545,80.13636364,81.7679558,82.02,6.39,7.788837136,4,-26.68,NA,89.9024959,NA,13.44655733,NA,1.21,38.62788625,-184224.6631,12725.82228,NA,NA,NA,NA,NA,NA,NA,NA,NA,NA,NA,NA,NA,NA,NA,NA,NA,NA,NA,NA,NA,NA,NA,NA,NA,NA,NA,NA,NA,NA,NA,NA,NA,NA,NA
Stream,NA,UP,FM2,UP,NA,67.25836333,-135.23058,2015-07-23,1899-12-31 10:10:00,NA,NA,NA,NA,25,31.7,1529,18917.94,373.49,66.73,17.13692698,0.000349,0.135048195,0.07521754,3,0.7264,12.4,0.9885,NA,NA,460,7.67,12.22222222,12.2727014,107.3350648,2.087402597,1.445740741,11.83,0.181298701,509,153,0.356,35,118,NA,58.9725545,42.00869736,7,NA,7.793302901,-0.793302901,2.45,2.856219512,NA,3.366073298,0.292356021,0.08496141,0.129939527,50.61728395,62.01298701,45.38461538,49.44444444,51.86,7.13,13.7419629,4,-27.12,NA,88.75173307,NA,9.299577839,NA,1.56,38.75272568,-38456.64028,12452.14869,NA,NA,NA,NA,NA,NA,NA,NA,NA,NA,NA,NA,NA,NA,NA,NA,NA,NA,NA,NA,NA,NA,NA,NA,NA,NA,NA,NA,NA,NA,NA,NA,NA,NA,NA
Stream,NA,UP,FM2,UP,NA,67.25836333,-135.23058,2015-08-13,1899-12-31 11:16:00,NA,NA,NA,NA,25,31.7,1529,18917.94,373.49,66.73,17.13692698,0.01787,0.817840926,0.147657678,5,0.7264,4.6,0.9617,97.1,12.51,255.2,6.54,12.22222222,12.2727014,107.3350648,1.062930233,0.927939698,11.05,0.16772093,458,135,0.323,51,84,NA,40.7524103,33.72733603,16,NA,15.66743411,0.332565894,2.45,3.211478261,NA,3.65648,0.57696,0.111889099,0.146879162,28.89447236,29.06976744,27.74553571,30.14354067,28.96,0.982,3.389919005,4,-27.1,NA,70.9517894,NA,6.452083806,NA,2.2,39.89580782,85686.06661,11631.12789,NA,0.673,0.5217,NA,0.0024,0.0032,NA,NA,NA,NA,NA,NA,NA,NA,NA,NA,NA,NA,NA,NA,NA,NA,NA,NA,NA,NA,NA,NA,NA,NA,NA,NA,NA,NA,NA
Stream,NA,UP,FM3,UP,NA,NA,NA,2015-07-13,NA,NA,NA,NA,NA,NA,NA,NA,NA,NA,NA,NA,0.006365,NA,NA,NA,NA,NA,NA,NA,NA,NA,NA,NA,NA,NA,NA,NA,NA,NA,NA,NA,NA,NA,NA,NA,NA,NA,NA,NA,NA,NA,NA,NA,NA,NA,NA,NA,NA,NA,NA,NA,NA,135.6,NA,NA,1,NA,NA,NA,NA,NA,NA,NA,NA,NA,NA,NA,NA,NA,NA,NA,NA,NA,NA,NA,NA,NA,NA,NA,NA,NA,NA,NA,NA,NA,NA,NA,NA,NA,NA,NA,NA,NA,NA,NA,NA,NA,NA,NA,NA,NA
Stream,NA,UP,FM3,UP,NA,NA,NA,2015-08-05,NA,NA,NA,NA,NA,NA,NA,NA,NA,NA,NA,NA,0.02518,NA,NA,NA,NA,NA,NA,NA,NA,NA,NA,NA,NA,NA,NA,NA,NA,NA,NA,NA,NA,NA,NA,NA,NA,NA,NA,NA,NA,NA,NA,NA,NA,NA,NA,NA,NA,NA,NA,NA,NA,234.5,NA,NA,1,NA,NA,NA,NA,NA,NA,NA,NA,NA,NA,NA,NA,NA,NA,NA,NA,NA,NA,NA,NA,NA,NA,NA,NA,NA,NA,NA,NA,NA,NA,NA,NA,NA,NA,NA,NA,NA,NA,NA,NA,NA,NA,NA,NA,NA
Stream,NA,UP,FM3,UP,NA,NA,NA,2016-07-13,NA,NA,NA,NA,NA,NA,NA,NA,NA,NA,NA,NA,NA,NA,NA,NA,NA,NA,NA,NA,NA,NA,NA,NA,NA,NA,NA,NA,NA,NA,NA,NA,NA,NA,NA,NA,NA,NA,NA,NA,NA,NA,NA,NA,NA,NA,NA,NA,NA,NA,NA,NA,NA,365.4,NA,NA,NA,NA,NA,NA,NA,NA,NA,NA,NA,NA,NA,NA,NA,NA,NA,NA,NA,0.644796518,9.449590283,3.151038816,790.7046751,2.163667814,0.930499128,7.292508085,4.551791781,0.159389817,0.329342817,0.175455296,0.294960789,0.134960816,0.065280282,0.824397797,0.439192695,0.738334076,0.337828529,0.163406997,1.629989114,2284.276505,1.426087228,0.195555111,0.890126147,0.141877044,0.82812431,0.368235656,0.329584349,0.206578155
Stream,NA,UP,FM3,UP,NA,67.25256,-135.2699367,2015-07-02,1899-12-31 13:30:00,NA,NA,NA,NA,10.3,6.1,576,17311.81,398.98,34.45,73.28339647,0.1837,0.509040171,0.245252468,10,3.1771,NA,NA,NA,NA,60,6.3,11.33333333,11.96032061,93.66028704,6.94797619,7.0245,11.18,0.599047619,292,27,0.265,26,1,"< MDL of 2 ug/L, half of value input",461.291447,171.3925061,14,NA,6.846774194,7.153225806,7.153225806,1.879464883,NA,2.06229682,0.177809187,0.053361378,0.13488054,373.75,336.9047619,342,321.192053,343.5,22,6.419579359,4,-26.97,NA,105.6937302,NA,13.67481872,NA,0.38,49.1998113,4030.561075,4030.561075,NA,NA,0.2672,NA,NA,0.005,NA,NA,NA,NA,NA,NA,NA,NA,NA,NA,NA,NA,NA,NA,NA,NA,NA,NA,NA,NA,NA,NA,NA,NA,NA,NA,NA,NA,NA
Stream,NA,UP,FM3,UP,NA,67.25256,-135.2699367,2015-07-24,1899-12-31 13:20:00,NA,NA,NA,NA,10.3,6.1,576,17311.81,398.98,34.45,73.28339647,0.006408,0.205549291,0.124151782,6,3.1771,11.4,0.9912,NA,NA,80,7.47,11.33333333,11.96032061,93.66028704,8.479615385,7.774833333,19,0.824487179,581,105,0.476,83,22,NA,494.027857,252.9581767,43,NA,38.97088094,4.029119056,2.45,2.429635417,NA,2.635099602,0.256215139,0.081977187,0.152448326,320,321.7948718,324.0625,308.5714286,318.6,6.89,2.163765907,4,-27.16,NA,79.26254328,NA,10.99701174,NA,1.55,46.54940731,12160.99578,19999.22443,NA,NA,NA,NA,NA,NA,NA,NA,NA,NA,NA,NA,NA,NA,NA,NA,NA,NA,NA,NA,NA,NA,NA,NA,NA,NA,NA,NA,NA,NA,NA,NA,NA,NA,NA
Stream,NA,UP,FM3,UP,NA,67.25256,-135.2699367,2015-08-14,1899-12-31 15:25:00,NA,NA,NA,NA,10.3,6.1,576,17311.81,398.98,34.45,73.28339647,0.01415,0.232337962,0.100354598,10,3.1771,9,0.9625,98,11.3,123.6,6.93,11.33333333,11.96032061,93.66028704,4.06509434,3.878461538,11.69,0.439056604,883,82,0.801,70,12,NA,244.7019835,140.4360795,14,NA,10.89454324,3.105456759,2.45,2.192173913,NA,2.519883041,0.272163743,0.084775438,0.147395118,176.9230769,161.3207547,166.0176991,165.6565657,167.5,6.65,3.969193886,4,-27.08,NA,71.22073146,NA,10.3016427,NA,2.37,17.01960602,9707.662348,12304.78598,NA,NA,NA,NA,NA,NA,NA,NA,NA,NA,NA,NA,NA,NA,NA,NA,NA,NA,NA,NA,NA,NA,NA,NA,NA,NA,NA,NA,NA,NA,NA,NA,NA,NA,NA
Stream,NA,UP,FM4,UP,NA,NA,NA,2015-07-15,NA,NA,NA,NA,NA,NA,NA,NA,NA,NA,NA,NA,0.0009157,NA,NA,NA,NA,NA,NA,NA,NA,NA,NA,NA,NA,NA,NA,NA,NA,NA,NA,NA,NA,NA,NA,NA,NA,NA,NA,NA,NA,NA,NA,NA,NA,NA,NA,NA,NA,NA,NA,NA,NA,25.32,NA,NA,1,NA,NA,NA,NA,NA,NA,NA,NA,NA,NA,NA,NA,NA,NA,NA,NA,NA,NA,NA,NA,NA,NA,NA,NA,NA,NA,NA,NA,NA,NA,NA,NA,NA,NA,NA,NA,NA,NA,NA,NA,NA,NA,NA,NA,NA
Stream,NA,UP,FM4,UP,NA,NA,NA,2015-08-07,NA,NA,NA,NA,NA,NA,NA,NA,NA,NA,NA,NA,0.1087,NA,NA,NA,NA,NA,NA,NA,NA,NA,NA,NA,NA,NA,NA,NA,NA,NA,NA,NA,NA,NA,NA,NA,NA,NA,NA,NA,NA,NA,NA,NA,NA,NA,NA,NA,NA,NA,NA,NA,NA,15.03,NA,NA,1,NA,NA,NA,NA,NA,NA,NA,NA,NA,NA,NA,NA,NA,NA,NA,NA,NA,NA,NA,NA,NA,NA,NA,NA,NA,NA,NA,NA,NA,NA,NA,NA,NA,NA,NA,NA,NA,NA,NA,NA,NA,NA,NA,NA,NA
Stream,NA,UP,FM4,UP,NA,NA,NA,2016-07-29,NA,NA,NA,NA,NA,NA,NA,NA,NA,NA,NA,NA,NA,NA,NA,NA,NA,NA,NA,NA,NA,NA,NA,NA,NA,NA,NA,NA,NA,NA,NA,NA,NA,NA,NA,NA,NA,NA,NA,NA,NA,NA,NA,NA,NA,NA,NA,NA,NA,NA,NA,NA,NA,13.59,NA,NA,NA,NA,NA,NA,NA,NA,NA,NA,NA,NA,NA,NA,NA,NA,NA,NA,NA,0.719713293,2.436278913,0.72265104,190.7130996,14.03648977,0.908068868,6.472962722,4.419965545,0.178631397,0.29105724,0.132530527,0.355696963,0.133635041,0.087080229,0.149827778,0.06822285,0.183102422,0.068791421,0.044826362,0.360223873,446.3150382,0.292292671,0.045155933,0.199587668,0.035652624,0.181694399,0.071264074,0.062605429,0.033189628
Stream,NA,UP,FM4,UP,NA,67.28106,-135.16193,2015-07-03,1899-12-31 12:50:00,NA,NA,NA,NA,17,8.8,960,22901.43,296.28,98.05,24.0111212,0.02031,0.186775158,0.159422634,5,3.4129,NA,NA,NA,NA,120,6.69,9.033333333,12.36451504,93.51196762,0.557885117,0.545117493,19.47,0.044699739,552,45,0.507,22,23,NA,48.18422042,25.06505035,18,NA,11.70164901,6.298350988,6.298350988,2.515421687,NA,2.670875,0.214,0.128258396,0.166557368,21.67101828,20.88772846,28.92950392,19.54261954,22.76,4.21,18.48760843,4,-27.23,NA,56.08505826,NA,14.22173691,NA,1.02,44.78427002,7971.95301,7971.95301,NA,NA,NA,NA,NA,NA,NA,NA,NA,NA,NA,NA,NA,NA,NA,NA,NA,NA,NA,NA,NA,NA,NA,NA,NA,NA,NA,NA,NA,NA,NA,NA,NA,NA,NA
Stream,NA,UP,FM4,UP,NA,67.28106,-135.16193,2015-07-25,1899-12-31 12:07:00,NA,NA,NA,NA,17,8.8,960,22901.43,296.28,98.05,24.0111212,0.00831,0.161139253,0.152262719,8,3.4129,10.8,0.9924,NA,NA,90,7.58,9.033333333,12.36451504,93.51196762,0.31390625,0.27075,20.74,0.026748047,614,47,0.567,22,25,NA,11.54851735,10.00813274,20,NA,15.96450464,4.035495356,2.45,5.885869565,NA,6.56,0.558979592,0.184071147,0.239595796,4.6,4.78515625,4.82,5.437100213,4.911,0.364,7.413814714,4,-28.36,NA,69.76555376,NA,11.80439945,NA,1.74,42.65728403,13253.71226,21830.73235,NA,NA,NA,NA,NA,NA,NA,NA,NA,NA,NA,NA,NA,NA,NA,NA,NA,NA,NA,NA,NA,NA,NA,NA,NA,NA,NA,NA,NA,NA,NA,NA,NA,NA,NA
Stream,NA,UP,FM4,UP,NA,67.28106,-135.16193,2015-08-15,1899-12-31 13:27:00,NA,NA,NA,NA,17,8.8,960,22901.43,296.28,98.05,24.0111212,0.03205,0.403710884,0.129046411,5,3.4129,8,0.9749,104.5,12.36,121.8,7.12,9.033333333,12.36451504,93.51196762,0.328886139,0.276800487,22.45,0.030247525,583,47,0.536,28,19,NA,12.34137587,15.64362677,21,NA,13.81986345,7.180136551,7.180136551,7.584333333,NA,9.163448276,0.842758621,0.452461821,0.346015612,3.649635036,3.589108911,3.5667107,3.457446809,3.566,0.0802,2.250165969,4,-27.7,NA,45.63048037,NA,10.67196804,NA,2.38,48.84488181,8063.234291,8063.234291,NA,NA,NA,NA,NA,NA,NA,NA,NA,NA,NA,NA,NA,NA,NA,NA,NA,NA,NA,NA,NA,NA,NA,NA,NA,NA,NA,NA,NA,NA,NA,NA,NA,NA,NA
Stream,NA,UP,HA,UP,NA,67.15033667,-135.68566,2015-06-18,1899-12-31 14:08:00,NA,NA,NA,NA,7.3,5.9,288,-3015.23,530.38,79.93,57.54620369,0.071,0.408646546,0.350240585,3,0.9028,2,0.9431,128.8,17.74,14.2,5.58,20.45,8.435805547,107.0610069,0.859314286,0.751725,9.464,0.085285714,218,23,0.195,17,6,NA,38.13771921,34.73723579,11,NA,4.91339907,6.08660093,6.08660093,4.0092,NA,4.064324324,0.403378378,0.149893552,0.17629146,18.75,21.14285714,21.63333333,23.17460317,21.18,1.83,8.6608494,4,-27.26,NA,55.80708966,NA,10.27898447,NA,0.25,56.59885269,4009.826126,4009.826126,NA,NA,NA,NA,NA,NA,NA,NA,NA,NA,NA,NA,NA,NA,NA,NA,NA,NA,NA,NA,NA,NA,NA,NA,NA,NA,NA,NA,NA,NA,NA,NA,NA,NA,NA
Stream,NA,UP,HA,UP,NA,67.15033667,-135.68566,2015-07-28,1899-12-31 17:40:00,NA,NA,NA,NA,7.3,5.9,288,-3015.23,530.38,79.93,57.54620369,0.04792,0.296731408,0.345428331,5,0.9028,7.5,0.9954,NA,NA,29.9,6.51,20.45,8.435805547,107.0610069,0.59626,0.519145455,12.4,0.04708,280,21,0.259,18,3,NA,16.01044559,16.2011713,7,NA,4.22462729,2.77537271,2.45,4.758833333,NA,5.230350877,0.412982456,0.160705167,0.142188682,10.90909091,11.4,11.26,10.08130081,10.91,0.591,5.419564653,4,-27.46,NA,82.63580828,NA,12.85938234,NA,1.77,55.83280262,11521.9506,13052.12542,NA,NA,NA,NA,NA,NA,NA,NA,NA,NA,NA,NA,NA,NA,NA,NA,NA,NA,NA,NA,NA,NA,NA,NA,NA,NA,NA,NA,NA,NA,NA,NA,NA,NA,NA
Stream,NA,UP,HB,UP,NA,67.24031333,-135.82011,2015-06-18,1899-12-31 16:58:00,NA,NA,NA,NA,7.1,13.6,257,-3215.1,665.92,34.6,17.24008906,0.02793,0.233381443,0.14300612,3,0.6906,3.3,0.9274,130.7,17.39,61.5,6.96,20.63333333,8.500651036,117.1931593,0.35449,0.321833333,6.66,0.04065,220,17,0.203,6,11,NA,15.76887456,12.6557089,9,NA,2.802855918,6.197144082,6.197144082,4.490697674,NA,4.923472222,0.564583333,0.186915085,0.210251661,7.166666667,7.2,7.5,6.770833333,7.159,0.299,4.180159986,4,-26.84,NA,65.57981451,NA,9.232896792,NA,0.55,38.26006458,2771.45782,2771.45782,NA,NA,NA,NA,NA,NA,NA,NA,NA,NA,NA,NA,NA,NA,NA,NA,NA,NA,NA,NA,NA,NA,NA,NA,NA,NA,NA,NA,NA,NA,NA,NA,NA,NA,NA
Stream,NA,UP,HB,UP,NA,67.24031333,-135.82011,2015-07-28,1899-12-31 14:55:00,NA,NA,NA,NA,7.1,13.6,257,-3215.1,665.92,34.6,17.24008906,0.06257,0.398666652,0.266551263,3,0.6906,7.2,0.9951,NA,NA,70,7.12,20.63333333,8.500651036,117.1931593,0.236962162,0.20158,16.83,0.021389189,230,13,0.217,9,4,NA,10.44407354,10.17071265,6,NA,6.900727834,-0.900727834,2.45,3.101230769,NA,3.653166667,0.32975,0.138468738,0.14613107,6.5,6.486486486,7.147058824,7.345132743,6.87,0.442,6.436290621,4,-26.89,NA,51.11186098,NA,10.99058037,NA,0.7,90.44652581,-48185.47787,17715.10248,NA,NA,NA,NA,NA,NA,NA,NA,NA,NA,NA,NA,NA,NA,NA,NA,NA,NA,NA,NA,NA,NA,NA,NA,NA,NA,NA,NA,NA,NA,NA,NA,NA,NA,NA
Stream,NA,UP,HD,UP,NA,67.40087333,-135.3342233,2015-06-18,1899-12-31 11:08:00,NA,NA,NA,NA,11.7,1.8,137,23713.27,323.27,65.2,0,0.566,0.542494685,0.297175941,10,17.936,4.3,0.9682,132.1,17.1,55.9,5.71,20.6,8.453727425,73.99343708,4.016421053,3.693545455,13.39,0.340842105,300,15,0.285,14,1,"< MDL of 2 ug/L, half of value input",379.449049,163.511667,14,NA,4.337796392,9.662203608,9.662203608,2.172673797,NA,2.108066298,0.178895028,0.052632511,0.145680464,170,190.5263158,260.4666667,310.6666667,232.9,64.7,27.77976011,4,-27.01,NA,58.25327406,NA,12.63739954,NA,1.74,54.79024274,3573.798231,3573.798231,NA,NA,NA,NA,NA,NA,NA,NA,NA,NA,NA,NA,NA,NA,NA,NA,NA,NA,NA,NA,NA,NA,NA,NA,NA,NA,NA,NA,NA,NA,NA,NA,NA,NA,NA
Stream,NA,UP,HD,UP,NA,67.40087333,-135.3342233,2015-07-28,1899-12-31 11:45:00,NA,NA,NA,NA,11.7,1.8,137,23713.27,323.27,65.2,0,NA,0,NA,1,17.936,10.2,0.9948,NA,NA,170,7.28,20.6,8.453727425,73.99343708,3.2783,3.33725,8.093,0.3123,443,62,0.381,55,7,NA,124.0481047,117.6400733,17,NA,14.61419411,2.385805893,2.45,3.118925234,NA,3.092735849,0.294622642,0.112038165,0.175906152,107,106,70.51948052,105,97.13,17.8,18.2838085,NA,-27.34,NA,73.15753987,NA,12.46190009,NA,-0.37,24.7714867,8747.824689,8518.617018,NA,NA,NA,NA,NA,NA,NA,NA,NA,NA,NA,NA,NA,NA,NA,NA,NA,NA,NA,NA,NA,NA,NA,NA,NA,NA,NA,NA,NA,NA,NA,NA,NA,NA,NA
Stream,NA,UP,SD,UP,NA,NA,NA,2015-07-16,NA,NA,NA,NA,NA,NA,NA,NA,NA,NA,NA,NA,0.04692,NA,NA,NA,NA,NA,NA,NA,NA,NA,NA,NA,NA,NA,NA,NA,NA,NA,NA,NA,NA,NA,NA,NA,NA,NA,NA,NA,NA,NA,NA,NA,NA,NA,NA,NA,NA,NA,NA,NA,NA,48.11,NA,NA,1,NA,NA,NA,NA,NA,NA,NA,NA,NA,NA,NA,NA,NA,NA,NA,NA,NA,NA,NA,NA,NA,NA,NA,NA,NA,NA,NA,NA,NA,NA,NA,NA,NA,NA,NA,NA,NA,NA,NA,NA,NA,NA,NA,NA,NA
Stream,NA,UP,SD,UP,NA,NA,NA,2015-08-01,NA,NA,NA,NA,NA,NA,NA,NA,NA,NA,NA,NA,0.063,NA,NA,NA,NA,NA,NA,NA,NA,NA,NA,NA,NA,NA,NA,NA,NA,NA,NA,NA,NA,NA,NA,NA,NA,NA,NA,NA,NA,NA,NA,NA,NA,NA,NA,NA,NA,NA,NA,NA,NA,5.497,NA,NA,1,NA,NA,NA,NA,NA,NA,NA,NA,NA,NA,NA,NA,NA,NA,NA,NA,NA,NA,NA,NA,NA,NA,NA,NA,NA,NA,NA,NA,NA,NA,NA,NA,NA,NA,NA,NA,NA,NA,NA,NA,NA,NA,NA,NA,NA
Stream,NA,UP,SD,UP,NA,NA,NA,2016-07-19,NA,NA,NA,NA,NA,NA,NA,NA,NA,NA,NA,NA,NA,NA,NA,NA,NA,NA,NA,NA,NA,NA,NA,NA,NA,NA,NA,NA,NA,NA,NA,NA,NA,NA,NA,NA,NA,NA,NA,NA,NA,NA,NA,NA,NA,NA,NA,NA,NA,NA,NA,NA,NA,37.28,NA,NA,NA,NA,NA,NA,NA,NA,NA,NA,NA,NA,NA,NA,NA,NA,NA,NA,NA,0.675845571,7.13688551,2.228642235,576.9676846,15.47764212,0.934447808,8.453465275,5.371927232,0.143758137,0.273462335,0.206752516,0.328770308,0.135151435,0.055863407,0.440618867,0.333132017,0.52973438,0.217764074,0.090010462,1.057056651,1493.002943,0.911252245,0.107796296,0.579073858,0.083246579,0.519638727,0.252885608,0.17737113,0.160174439
Stream,NA,UP,SD,UP,NA,67.18119667,-135.7278867,2015-07-04,1899-12-31 11:55:00,NA,NA,NA,NA,2,1,0,-3914.26,594,66.66,3.190004377,0.003605,0.048935412,0.013427095,3,0.9233,NA,NA,NA,NA,70,6.46,6.5,13.54198148,105.1350602,0.503944954,0.360864745,8.357,0.047798165,288,38,0.25,8,30,NA,21.02760572,20.98376915,25,NA,19.80250082,5.197499181,5.197499181,5.8125,NA,7.847142857,0.744285714,0.314756537,0.285560078,6.208425721,6.422018349,7.363636364,6.666666667,6.665,0.502,7.52959727,4,-27.33,NA,44.349282,NA,8.804419712,NA,1.43,38.98323725,4146.499431,4146.499431,NA,NA,NA,NA,NA,NA,NA,NA,NA,NA,NA,NA,NA,NA,NA,NA,NA,NA,NA,NA,NA,NA,NA,NA,NA,NA,NA,NA,NA,NA,NA,NA,NA,NA,NA
Stream,NA,UP,SD,UP,NA,67.18119667,-135.7278867,2015-07-22,1899-12-31 11:35:00,NA,NA,NA,NA,2,1,0,-3914.26,594,66.66,3.190004377,0.01046,0.146953413,0.082528268,5,0.9233,7.4,NA,NA,NA,30,6.62,6.5,13.54198148,105.1350602,0.591908397,0.388487544,9.588,0.058110687,288,37,0.251,13,24,NA,19.33933697,17.58144777,14,NA,11.29228792,2.707712075,2.45,6.421470588,NA,10.00516129,0.982258065,0.330280054,0.246675216,6.049822064,5.916030534,7.84,5.323193916,6.282,1.09,17.27778837,4,-27.52,NA,56.98336634,NA,7.796300976,NA,2.69,44.54734356,9131.690449,10092.2402,NA,NA,NA,NA,NA,NA,NA,NA,NA,NA,NA,NA,NA,NA,NA,NA,NA,NA,NA,NA,NA,NA,NA,NA,NA,NA,NA,NA,NA,NA,NA,NA,NA,NA,NA
Stream,NA,UP,SD,UP,NA,67.18119667,-135.7278867,2015-08-16,1899-12-31 12:17:00,NA,NA,NA,NA,2,1,0,-3914.26,594,66.66,3.190004377,0.008822,0.122218789,0.067759349,3,0.9233,5.5,0.9327,94.1,11.88,58.7,6.22,6.5,13.54198148,105.1350602,1.046960784,0.941724891,7.097,0.106838235,207,38,0.169,6,32,NA,26.78691834,22.78329893,11,NA,7.541984112,3.458015888,2.45,8.294423077,NA,9.286086957,0.947608696,0.190810129,0.22519172,11.35371179,11.2745098,11.89516129,11.94029851,11.62,0.35,3.017248515,4,-27.64,NA,106.5940783,NA,10.279331,NA,3.42,48.97287586,5292.65345,7470.236621,NA,NA,0.8402,NA,NA,0.0041,NA,NA,NA,NA,NA,NA,NA,NA,NA,NA,NA,NA,NA,NA,NA,NA,NA,NA,NA,NA,NA,NA,NA,NA,NA,NA,NA,NA,NA
Stream,NA,UP,SE,UP,NA,NA,NA,2015-08-02,NA,NA,NA,NA,NA,NA,NA,NA,NA,NA,NA,NA,0.1224,NA,NA,NA,NA,NA,NA,NA,NA,NA,NA,NA,NA,NA,NA,NA,NA,NA,NA,NA,NA,NA,NA,NA,NA,NA,NA,NA,NA,NA,NA,NA,NA,NA,NA,NA,NA,NA,NA,NA,NA,21.9,NA,NA,1,NA,NA,NA,NA,NA,NA,NA,NA,NA,NA,NA,NA,NA,NA,NA,NA,NA,NA,NA,NA,NA,NA,NA,NA,NA,NA,NA,NA,NA,NA,NA,NA,NA,NA,NA,NA,NA,NA,NA,NA,NA,NA,NA,NA,NA
Stream,NA,UP,SE,UP,NA,NA,NA,2016-06-17,NA,NA,NA,NA,NA,NA,NA,NA,NA,NA,NA,NA,NA,NA,NA,NA,NA,NA,NA,NA,NA,NA,NA,NA,NA,NA,NA,NA,NA,NA,NA,NA,NA,NA,NA,NA,NA,NA,NA,NA,NA,NA,NA,NA,NA,NA,NA,NA,NA,NA,NA,NA,NA,21.34,NA,NA,NA,NA,NA,NA,NA,NA,NA,NA,NA,NA,NA,NA,NA,NA,NA,NA,NA,0.535813299,4.228740951,1.544255774,374.1802018,17.53599865,0.897426156,4.472006269,2.970068869,0.213201248,0.256159643,0.185901418,0.316818897,0.124299848,0.116820194,0.161669846,0.117327825,0.199953675,0.078449271,0.073728642,0.394012951,555.1089169,0.331776562,0.074189646,0.220348358,0.046978545,0.197748314,0.092679909,0.070026482,0.0538568
Stream,NA,UP,SE,UP,NA,67.14867333,-135.71822,2015-07-06,1899-12-31 19:46:00,NA,NA,NA,NA,23,1.5,30,-3452.13,576.11,123.19,24.58247231,0.05481,0.810384673,0.247113649,3,5.3264,11.6,0.9428,NA,NA,379.9,6.49,2.766666667,10.82494677,106.1998796,0.673883162,0.565690909,2.838,0.034254296,183,82,0.101,10,72,NA,7.40222341,2.299100235,0.7,"< MDL of 1.4 ug/L, half of value input ",1.853554658,-1.153554658,2.45,7.77825,NA,9.707920792,0.493465347,0.031475777,0.095748017,7.272727273,6.941580756,7.730941704,7.304347826,7.312,0.324,4.426570991,4,-27.39,NA,634.5223604,NA,19.25890836,NA,1.73,32.76864812,-6344.53579,2987.252576,NA,NA,NA,NA,NA,NA,NA,NA,NA,NA,NA,NA,NA,NA,NA,NA,NA,NA,NA,NA,NA,NA,NA,NA,NA,NA,NA,NA,NA,NA,NA,NA,NA,NA,NA
Stream,NA,UP,SE,UP,NA,67.14867333,-135.71822,2015-07-21,1899-12-31 13:29:00,NA,NA,NA,NA,23,1.5,30,-3452.13,576.11,123.19,24.58247231,0.05155,0.709191363,0.314476432,3,5.3264,9.2,0.9999,NA,NA,450,6,2.766666667,10.82494677,106.1998796,1.719469965,1.398162544,2.6,0.122120141,170,140,0.03,59,81,NA,21.25172699,5.81808907,0.7,"< MDL of 1.4 ug/L, half of value input ",1.194873685,-0.494873685,2.45,5.905671642,NA,7.156029412,0.508235294,0.024515917,0.086421639,23.67491166,24.02826855,24.59074733,23.73188406,24.01,0.419,1.746193235,4,-27.47,NA,619.7305926,NA,13.35174018,NA,2.09,101.0693798,-13548.91832,2736.735975,NA,NA,NA,NA,NA,NA,NA,NA,NA,NA,NA,NA,NA,NA,NA,NA,NA,NA,NA,NA,NA,NA,NA,NA,NA,NA,NA,NA,NA,NA,NA,NA,NA,NA,NA
Stream,NA,UP,SE,UP,NA,67.14867333,-135.71822,2015-08-21,1899-12-31 13:20:00,NA,NA,NA,NA,23,1.5,30,-3452.13,576.11,123.19,24.58247231,0.07234,0.254949079,0.209002068,10,5.3264,6.5,0.943,97.7,11.91,318.6,6.31,2.766666667,10.82494677,106.1998796,1.209596774,0.836747826,3.132,0.096951613,196,87,0.109,16,71,NA,18.59915867,4.828831371,0.7,"< MDL of 1.4 ug/L, half of value input ",2.494238538,-1.794238538,2.45,4.716960784,NA,6.355508475,0.50940678,0.027539429,0.100231012,17.73913043,19.03225806,18.55629139,17.53424658,18.22,0.701,3.848457917,4,-27.35,NA,446.8669037,NA,10.06484432,NA,1.79,33.50909995,-4501.603195,3296.714259,NA,NA,NA,NA,NA,NA,NA,NA,NA,NA,NA,NA,NA,NA,NA,NA,NA,NA,NA,NA,NA,NA,NA,NA,NA,NA,NA,NA,NA,NA,NA,NA,NA,NA,NA
